StartDate,EndDate,Status,IPAddress,Progress,Duration (in seconds),Finished,RecordedDate,ResponseId,RecipientLastName,RecipientFirstName,RecipientEmail,ExternalReference,LocationLatitude,LocationLongitude,DistributionChannel,UserLanguage,Q266,Q3_Id,Q3_Name,Q3_Size,Q3_Type,Q4,Q5,Q257,Q260,Q258,Q259,personality_1,personality_1,personality_1,personality_1,personality_1,personality_1,personality_1,personality_1,personality_1,personality_1,personality_1,personality_1,personality_1,personality_1,personality_1,personality_1,personality_1,personality_1,personality_1,personality_1,personality_1,personality_1,personality_1,personality_1,personality_1,personality_1,personality_1,personality_1,personality_1,personality_1,empathy_1,empathy_1,empathy_1,empathy_1,empathy_1,empathy_1,empathy_1,emapthy_1,empathy_1,empathy_1,empathy_1,empathy_1,empathy_1,empathy_1,empathy_1,empathy_1,empathy_1,empathy_1,empathy_1,empathy_1,empathy_1,empathy_1,self_esteem_1,self_esteem_1,self_esteem_1,self_esteem_1,self_esteem_1,self_esteem_1,self_esteem_1,self_esteem_1,self_esteem_1,self_esteem_1,self_esteem_1,self_esteem_1,self_esteem_1,self_esteem_1,self_esteem_1,self_esteem_1,self_esteem_1,self_esteem_1,self_esteem_1,self_esteem_1,self_esteem_1,self_esteem_1,self_esteem_1,self_esteem_1,self_esteem_1,self_esteem_1,self_esteem_1,self_esteem_1,sefl_esteem_1,self_esteem_1,self_esteem_1,self_esteem_1,self_esteem_1,self_esteem_1,self_esteem_1,self_esteem_1,efficacy_1,efficacy_1,efficacy_1,efficacy_1,efficacy_1,efficacy_1,efficacy_1,efficacy_1,efficacy_1,social_anxiety_1,social_anxiety_1,social_anxiety_1,social_anxiety_1,social_anxiety_1,social_anxiety_1,social_anxiety_1,social_anxiety_1,social_anxiety_1,social_anxiety_1,satisfaction_1,satisfaction_1,satisfaction_1,satisfaction_1,satisfaction_1,satisfaction_1,satisfaction_1,satisfaction_1,satisfaction_1,satisfaction_1,depression_1,depression_1,depression_1,depresion_1,depression_1,depression_1,depression_1,depression_1,depression_1,depression_1,depression_1,depression_1,depression_1,depression_1,depression_1,depression_1,depression_1,depression_1,depression_1,depression_1,depression_1,depression_1,depression_1,depression_1,depression_1,depression_1,depression_1,depression_1,Q254,Q255,Q258_1,Q257_1,bfi_1,Q154_1,Q155_1,Q156_1,Q157_1,Q158_1,Q159_1,Q160_1,Q161_1,Q162_1,Q163_1,Q164_1,Q165_1,Q166_1,Q167_1,Q168_1,Q169_1,Q170_1,Q171_1,Q173_1,Q174_1,Q175_1,Q176_1,Q177_1,Q178_1,Q179_1,Q180_1,Q181_1,Q182_1,Q183_1,PAM_1,Q185_1,Q186_1,Q187_1,Q188_1,Q189_1,Q190_1,Q191_1,Q192_1,Q193_1,Q194_1,Q195_1,Q196_1,Q197_1,RCI_1,Q199_1,Q200_1,Q201_1,Q202_1,Q203_1,Q204_1,Q205_1,Q206_1,Q207_1,Q208_1,Q209_1,Q210_1,Q211_1,Q212_1,Q213_1,Q214_1,Q215_1,Q216_1,Q217_1,Q218_1,Q219_1,Q220_1,Q221_1,Q222_1,Q223_1,Q224_1,Q225_1,Q226_1,Q227_1,Q228_1,Q229_1,Q230_1,LL_1,Q233_1,Q234_1,Q235_1,Q236_1,Q237_1,Q238_1,Q239_1,Q240_1,Q241_1,Q242_1,Q243_1,Q244_1,wire_1,Q246_1,Q247_1,Q248_1,Q249_1,Q250_1,Q251_1,Q252_1,Q253_1,Q268
Start Date,End Date,Response Type,IP Address,Progress,Duration (in seconds),Finished,Recorded Date,Response ID,Recipient Last Name,Recipient First Name,Recipient Email,External Data Reference,Location Latitude,Location Longitude,Distribution Channel,User Language,please watch this short video continuing,"I have read (or someone has read to me) the information provided above. I have been given an opportunity to ask questions and all of my questions have been answered to my satisfaction. By signing this form, I willingly agree that I will participate in the research described in this document. - Id","I have read (or someone has read to me) the information provided above. I have been given an opportunity to ask questions and all of my questions have been answered to my satisfaction. By signing this form, I willingly agree that I will participate in the research described in this document. - Name","I have read (or someone has read to me) the information provided above. I have been given an opportunity to ask questions and all of my questions have been answered to my satisfaction. By signing this form, I willingly agree that I will participate in the research described in this document. - Size","I have read (or someone has read to me) the information provided above. I have been given an opportunity to ask questions and all of my questions have been answered to my satisfaction. By signing this form, I willingly agree that I will participate in the research described in this document. - Type",Please enter your full name,Please enter your age,What Gender Identity do you most identify with?,What is your Sex assigned at birth?,What race demographic do you most identify with?,"Ethnicity- Are you of Hispanic, Latino/a/x, or Spanish origin?",I am someone who tends to be quiet. - Choose one of the following,"I am someone who is compassionate, has a soft heart. - Choose one of the following",I am someone who tends to be disorganized. - Choose one of the following,I am someone who worries a lot. - Choose one of the following,"I am someone who is fascinated by art, music, or literature. - Choose one of the following","I am someone who is dominant, acts as a leader. - Choose one of the following",I am someone who is sometimes rude to others. - Choose one of the following,I am someone who has difficulty getting started on tasks. - Choose one of the following,"I am someone who tends to feel depressed, blue. - Choose one of the following",I am someone who has little interest in abstract ideas. - Choose one of the following,I am someone who is full of energy. - Choose one of the following,I am someone who assumes the best about people. - Choose one of the following,"I am someone who is reliable, can always be counted on. - Choose one of the following","I am someone who is emotionally stable, not easily upset. - Choose one of the following","I am someone who is original, comes up with new ideas. - Choose one of the following","I am someone who is outgoing, sociable. - Choose one of the following",I am someone who can be cold and uncaring. - Choose one of the following,I am someone who keeps things neat and tidy. - Choose one of the following,"I am someone who is relaxed, handles stress well. - Choose one of the following",I am someone who has few artistic interests. - Choose one of the following,I am someone who prefers to have others take charge. - Choose one of the following,"I am someone who is respectful, treats others with respect. - Choose one of the following","I am someone who is persistent, works until the task is finished. - Choose one of the following","I am someone who feels secure, comfortable with self. - Choose one of the following","I am someone who is complex, a deep thinker. - Choose one of the following",I am someone who is less active than other people. - Choose one of the following,I am someone who tends to find fault with others. - Choose one of the following,I am someone who can be somewhat careless. - Choose one of the following,"I am someone who is temperamental, gets emotional easily. - Choose one of the following",I am someone who has little creativity. - Choose one of the following,I can easily tell if someone else wants to enter a conversation. - Choose one of the following,I really enjoy caring for other people. - Choose one of the following,I find it hard to know what to do in a social situation. - Choose one of the following,I often find it difficult to judge if something is rude or polite. - Choose one of the following,"In a conversation, I tend to focus on my own thoughts rather than on what the listener might be thinking. - Choose one of the following",I can pick up quickly if someone says one thing but means another. - Choose one of the following,It is hard for me to see why some things upset people so much. - Choose one of the following,I find it easy to put myself in somebody else’s shoes. - Choose one of the following,I am good at predicting how someone will feel. - Choose one of the following,I am quick to spot when someone in a group is feeling awkward or uncomfortable. - Choose one of the following,I can’t always see why someone should have felt offended by a remark. - Choose one of the following,I don’t tend to find social situations confusing. - Choose one of the following,Other people tell me I am good at understanding how they are feeling and what they are thinking. - Choose one of the following,I can easily tell if someone else is interested or bored with what I am saying. - Choose one of the following,Friends usually talk to me about their problems as they say I am very understanding. - Choose one of the following,"I can sense if I am intruding, even if the other person doesn’t tell me. - Choose one of the following","Other people often say that I am insensitive, though I don’t always see why. - Choose one of the following",I can tune into how someone else feels rapidly and intuitively. - Choose one of the following,I can easily work out what another person might want to talk about. - Choose one of the following,I can tell if someone is masking their true emotion. - Choose one of the following,I am good at predicting what someone will do. - Choose one of the following,I tend to get emotionally involved with a friend’s problems. - Choose one of the following,How often do you feel inferior to most of the people you know? - Choose one of the following,How often do you have the feeling that there is nothing you can do well? - Choose one of the following,"When in a group of people, do you have trouble thinking of the right things to talk about? - Choose one of the following",How often do you feel worried or bothered about what other people think of you? - Choose one of the following,"In turning in a major assignment such as a term paper, how often do you feel you did an excellent job on it? - Choose one of the following",How confident are you that others see you as being physically appealing? - Choose one of the following,Do you ever think that you are a worthless individual? - Choose one of the following,How much do you worry about how well you get along with other people? - Choose one of the following,"When you make an embarrassing mistake or have done something that makes you look foolish, how long does it take you to get over it? - Choose one of the following","When you have to read an essay and understand it for a class assignment, how worried or concerned do you feel about it? - Choose one of the following","Compared with classmates, how often do you feel you must study more than they do to get the same grades? - Choose one of the following",Have you ever thought of yourself as physically uncoordinated? - Choose one of the following,How confident do you feel that someday the people you know will look up to you and respect you? - Choose one of the following,How often do you worry about criticisms that might be made of your work by your teacher or employer? - Choose one of the following,Do you often feel uncomfortable meeting new people? - Choose one of the following,"When you have to write an argument to convince your teacher, who may disagree with your ideas, how concerned or worried do you feel about it? - Choose one of the following",Have you ever felt ashamed of your physique or figure? - Choose one of the following,Have you ever felt inferior to most other people in athletic ability? - Choose one of the following,Do you ever feel so discouraged with yourself that you wonder whether you are a worthwhile person? - Choose one of the following,Do you ever feel afraid or anxious when you are going into a room by yourself where other people have already gathered and are talking? - Choose one of the following,How often do you worry whether other people like to be with you? - Choose one of the following,How often do you have trouble expressing your ideas when you have to put them into writing as an assignment? - Choose one of the following,Do you often feel that most of your friends or peers are more physically attractive than yourself? - Choose one of the following,"When involved in sports requiring physical coordination, are you often concerned that you will not do well? - Choose one of the following",How often do you dislike yourself? - Choose one of the following,How often do you feel self-conscious? - Choose one of the following,How often are you troubled with shyness? - Choose one of the following,How often do you have trouble understanding things you read for class assignments? - Choose one of the following,Do you often wish or fantasize that you were better looking? - Choose one of the following,Have you ever thought that you lacked the ability to be a good dancer or do well at recreational activities involving coordination? - Choose one of the following,"In general, how confident do you feel about your abilities? - Choose one of the following",How much do you worry about whether other people regard you as a success or failure in your job or at school? - Choose one of the following,"When you think that some of the people you meet might have an unfavorable opinion of you, how concerned or worried do you feel about it? - Choose one of the following",How often do you imagine that you have less scholastic ability than your classmates? - Choose one of the following,Have you ever been concerned about your ability to attract a potential partner? - Choose one of the following,"When trying to do well at a sport and you know other people are watching, how rattled or flustered do you get? - Choose one of the following","I can manage to solve difficult problems if
I try hard enough. - Choose one of the following","It is easy for me to stick to my aims and
accomplish my goals. - Choose one of the following","I am confident that I could deal efficiently
with unexpected events. - Choose one of the following","Thanks to my talents and skills, I know
how to handle unexpected situations. - Choose one of the following","I can solve most problems if I try hard
enough. - Choose one of the following","I stay calm when facing difficulties
because I can handle them. - Choose one of the following","When I have a problem, I can find several
ways to solve it. - Choose one of the following","If I am in trouble, I can think of a
solution. - Choose one of the following",I can handle whatever comes my way. - Choose one of the following,"During the PAST 7 DAYS, I have felt moments of sudden terror, fear, or
fright in social situations. - Choose one of the following","During the PAST 7 DAYS, I have felt anxious, worried, or nervous about
social situations - Choose one of the following","During the PAST 7 DAYS, I have had thoughts of being rejected, humiliated,
embarrassed, ridiculed, or offending others - Choose one of the following","During the PAST 7 DAYS, I have felt a racing heart, sweaty, trouble
breathing, faint, or shaky in social
situations - Choose one of the following","During the PAST 7 DAYS, I have felt tense muscles, felt on edge or restless,
or had trouble relaxing in social situations - Choose one of the following","During the PAST 7 DAYS, I have avoided, or did not approach or enter,
social situations - Choose one of the following","During the PAST 7 DAYS, I have left social situations early or participated
only minimally (e.g., said little, avoided eye
contact) - Choose one of the following","During the PAST 7 DAYS, I have spent a lot of time preparing what to say or
how to act in social situations - Choose one of the following","During the PAST 7 DAYS, I have distracted myself to avoid thinking about
social situations - Choose one of the following","During the PAST 7 DAYS, I have needed help to cope with social situations
(e.g., alcohol or medications, superstitious
objects) - Choose one of the following","In most ways, my life is close to perfect - Choose one of the following","If I could live my life over, I would
change almost nothing - Choose one of the following",I am satisfied with my life - Choose one of the following,"So far I have gotten the important things I
want in life. - Choose one of the following",My life situation is excellent - Choose one of the following,My life is going well - Choose one of the following,My life is just right - Choose one of the following,I wish I had a different kind of life - Choose one of the following,I have a good life - Choose one of the following,I have what I want in life - Choose one of the following,In the past 7 days.. I felt worthless - Choose one of the following,In the past 7 days.. I felt that I had nothing to look forward to - Choose one of the following,In the past 7 days.. I felt helpless - Choose one of the following,In the past 7 days.. I withdrew from other people - Choose one of the following,In the past 7 days.. I felt that nothing could cheer me up - Choose one of the following,In the past 7 days.. I felt that I was not as good as other people - Choose one of the following,In the past 7 days.. I felt sad - Choose one of the following,In the past 7 days.. I felt that I wanted to give up on everything - Choose one of the following,In the past 7 days.. I felt that I was to blame for things - Choose one of the following,In the past 7 days.. I felt like a failure - Choose one of the following,In the past 7 days.. I had trouble feeling close to people - Choose one of the following,In the past 7 days.. I felt disappointed in myself - Choose one of the following,In the past 7 days.. I felt that I was not needed - Choose one of the following,In the past 7 days.. I felt lonely - Choose one of the following,In the past 7 days.. I felt depressed - Choose one of the following,In the past 7 days.. I had trouble making decisions - Choose one of the following,In the past 7 days.. I felt discouraged about the future - Choose one of the following,In the past 7 days.. I found that things in my life were overwhelming - Choose one of the following,In the past 7 days.. I felt unhappy - Choose one of the following,In the past 7 days.. I felt I had no reason for living - Choose one of the following,In the past 7 days.. I felt hopeless - Choose one of the following,In the past 7 days.. I felt ignored by people - Choose one of the following,In the past 7 days.. I felt upset for no reason - Choose one of the following,In the past 7 days.. I felt that nothing was interesting - Choose one of the following,In the past 7 days.. I felt pessimistic - Choose one of the following,In the past 7 days.. I felt that my life was empty - Choose one of the following,In the past 7 days.. I felt guilty - Choose one of the following,In the past 7 days.. I felt emotionally exhausted - Choose one of the following,How long have you known the person that you were recruited with?  Please enter the approximate number of years and months in the form (x years x months),Which of the following best describes your relationship with the person you were recruited with?,"Relative to all your other relationships (both same and opposite sex) how would you
characterize your relationship with them? - Choose one of the following","Relative to what you know about other people's close relationships, how would you
characterize your relationship with them? - Choose one of the following",They tend to be quiet. - Choose one of the following,"They are compassionate, have a soft heart. - Choose one of the following",They tend to be disorganized. - Choose one of the following,They worry a lot. - Choose one of the following,"They are fascinated by art, music, or literature. - Choose one of the following","They are dominant, act as a leader. - Choose one of the following",They are sometimes rude to others. - Choose one of the following,They have difficulty getting started on tasks. - Choose one of the following,"They tend to feel depressed, blue. - Choose one of the following",They have little interest in abstract ideas. - Choose one of the following,They are full of energy. - Choose one of the following,They assume the best about people. - Choose one of the following,"They are reliable, can always be counted on. - Choose one of the following","They are emotionally stable, not easily upset. - Choose one of the following","They are original, come up with new ideas. - Choose one of the following","They are outgoing, sociable. - Choose one of the following",They can be cold and uncaring. - Choose one of the following,They keep things neat and tidy. - Choose one of the following,"They are relaxed, handle stress well. - Choose one of the following",They have few artistic interests. - Choose one of the following,They prefer to have others take charge. - Choose one of the following,"They are respectful, treat others with respect. - Choose one of the following","They are persistent, work until the task is finished. - Choose one of the following","They feel secure, comfortable with self. - Choose one of the following","They are complex, a deep thinker. - Choose one of the following",They are less active than other people. - Choose one of the following,They tend to find fault with others. - Choose one of the following,They can be somewhat careless. - Choose one of the following,"They are temperamental, get emotional easily. - Choose one of the following",They have little creativity. - Choose one of the following,I have known them for many years. - Choose one of the following,I have known them for a long time. - Choose one of the following,I have gone to parties (social events) with them. - Choose one of the following,Seeing them is part of my weekly routine. - Choose one of the following,I know what their goals are. - Choose one of the following,They hide their true feelings from me. - Choose one of the following,They have told me about their interests. - Choose one of the following,I have spent time with them and their friends. - Choose one of the following,They avoid showing their true feelings around me. - Choose one of the following,We go way back. - Choose one of the following,I am familiar with their friends. - Choose one of the following,I see them a lot. - Choose one of the following,Seeing them is part of my daily routine. - Choose one of the following,They have told me what their goals are. - Choose one of the following,They will influence my future financial security. - Choose one of the following,They influence important things in my life. - Choose one of the following,They influence which parties and other social events I attend. - Choose one of the following,They influence the extent to which I accept responsibilities in our relationship. - Choose one of the following,They do not influence how much time I spend doing household work. - Choose one of the following,They do not influence how I choose to spend my money. - Choose one of the following,They influence the way I feel about myself. - Choose one of the following,They do not influence my moods. - Choose one of the following,They influence the basic values that I hold. - Choose one of the following,They do not influence the opinions that I have of other important people in my life. - Choose one of the following,"They do not influence when I see, and the amount of time I spend with, my family. - Choose one of the following","They influence when I see, and the amount of time I spend with, my friends. - Choose one of the following",They do not influence which of my friends I see. - Choose one of the following,They do not influence the type of career I have. - Choose one of the following,They influence or will influence how much time I devote to my career. - Choose one of the following,They do not influence my chance of getting a good job in the future. - Choose one of the following,They influence the way I feel about the future. - Choose one of the following,They do not have the capacity to influence how I act in various situations. - Choose one of the following,They influence and contribute to my overall happiness. - Choose one of the following,They do not influence my present financial security. - Choose one of the following,They influence how I spend my free time. - Choose one of the following,They influence when I see them and the amount of time the two of us spend together. - Choose one of the following,They do not influence how I dress. - Choose one of the following,"They influence how I decorate my home (e.g., apartment, house, dorm room, ...). - Choose one of the following",They do not influence where I live. - Choose one of the following,They influence what I watch on TV. - Choose one of the following,They affect my vacation plans. - Choose one of the following,They affect my marriage plans. - Choose one of the following,They affect my plans to have children. - Choose one of the following,"They affect my plans to make major investments (house, car, etc.). - Choose one of the following","They affect my plans to join a club, social organization, church, etc. - Choose one of the following",They affect my school-related plans. - Choose one of the following,They affect my plans for achieving a particular financial standard of living. - Choose one of the following,"If they were feeling badly, my first duty would be to cheer them up. - Choose one of the following",I feel that I can confide in them about virtually everything. - Choose one of the following,I find it easy to ignore their faults. - Choose one of the following,I would do almost anything for them. - Choose one of the following,I feel very possessive toward them. - Choose one of the following,If I could never be with them I would feel miserable. - Choose one of the following,If I were lonely my first thought would be to seek them out. - Choose one of the following,One of my primary concerns is their welfare. - Choose one of the following,I would forgive them for practically anything. - Choose one of the following,I feel responsible for their well-being. - Choose one of the following,When I am with them I spend a good deal of time just looking at them. - Choose one of the following,I would greatly enjoy being confided in by them. - Choose one of the following,It would be hard for me to get along without them. - Choose one of the following,You feel like you know them - Choose one of the following,You Identify with them - Choose one of the following,You are similar to them - Choose one of the following,You feel like you know how they think - Choose one of the following,You have a good sense of who they are as a person - Choose one of the following,You would be able to predict how they would act in a situation - Choose one of the following,You think your personality is similar to theirs - Choose one of the following,You are friends with them - Choose one of the following,You would like to be closer friends with them - Choose one of the following,"Please follow this link to schedule your interview session - A new window will be opened for scheduling, but don't forget to come back to this current page and press the ""next"" button to complete the survey.
If you don't see a time slot that works for you, please email chavezlab@gmail.com and we can adjust to your schedule."
"{""ImportId"":""startDate"",""timeZone"":""America/Denver""}","{""ImportId"":""endDate"",""timeZone"":""America/Denver""}","{""ImportId"":""status""}","{""ImportId"":""ipAddress""}","{""ImportId"":""progress""}","{""ImportId"":""duration""}","{""ImportId"":""finished""}","{""ImportId"":""recordedDate"",""timeZone"":""America/Denver""}","{""ImportId"":""_recordId""}","{""ImportId"":""recipientLastName""}","{""ImportId"":""recipientFirstName""}","{""ImportId"":""recipientEmail""}","{""ImportId"":""externalDataReference""}","{""ImportId"":""locationLatitude""}","{""ImportId"":""locationLongitude""}","{""ImportId"":""distributionChannel""}","{""ImportId"":""userLanguage""}","{""ImportId"":""QID273""}","{""ImportId"":""QID3_FILE_ID""}","{""ImportId"":""QID3_FILE_NAME""}","{""ImportId"":""QID3_FILE_SIZE""}","{""ImportId"":""QID3_FILE_TYPE""}","{""ImportId"":""QID4_TEXT""}","{""ImportId"":""QID5_TEXT""}","{""ImportId"":""QID263""}","{""ImportId"":""QID266""}","{""ImportId"":""QID264""}","{""ImportId"":""QID265""}","{""ImportId"":""QID6_1""}","{""ImportId"":""QID7_1""}","{""ImportId"":""QID8_1""}","{""ImportId"":""QID9_1""}","{""ImportId"":""QID10_1""}","{""ImportId"":""QID11_1""}","{""ImportId"":""QID12_1""}","{""ImportId"":""QID13_1""}","{""ImportId"":""QID15_1""}","{""ImportId"":""QID16_1""}","{""ImportId"":""QID17_1""}","{""ImportId"":""QID18_1""}","{""ImportId"":""QID19_1""}","{""ImportId"":""QID20_1""}","{""ImportId"":""QID21_1""}","{""ImportId"":""QID22_1""}","{""ImportId"":""QID23_1""}","{""ImportId"":""QID24_1""}","{""ImportId"":""QID25_1""}","{""ImportId"":""QID26_1""}","{""ImportId"":""QID27_1""}","{""ImportId"":""QID28_1""}","{""ImportId"":""QID29_1""}","{""ImportId"":""QID30_1""}","{""ImportId"":""QID31_1""}","{""ImportId"":""QID32_1""}","{""ImportId"":""QID33_1""}","{""ImportId"":""QID34_1""}","{""ImportId"":""QID35_1""}","{""ImportId"":""QID36_1""}","{""ImportId"":""QID37_1""}","{""ImportId"":""QID38_1""}","{""ImportId"":""QID39_1""}","{""ImportId"":""QID40_1""}","{""ImportId"":""QID41_1""}","{""ImportId"":""QID42_1""}","{""ImportId"":""QID43_1""}","{""ImportId"":""QID44_1""}","{""ImportId"":""QID45_1""}","{""ImportId"":""QID46_1""}","{""ImportId"":""QID47_1""}","{""ImportId"":""QID48_1""}","{""ImportId"":""QID49_1""}","{""ImportId"":""QID50_1""}","{""ImportId"":""QID51_1""}","{""ImportId"":""QID52_1""}","{""ImportId"":""QID53_1""}","{""ImportId"":""QID54_1""}","{""ImportId"":""QID55_1""}","{""ImportId"":""QID56_1""}","{""ImportId"":""QID57_1""}","{""ImportId"":""QID58_1""}","{""ImportId"":""QID59_1""}","{""ImportId"":""QID60_1""}","{""ImportId"":""QID61_1""}","{""ImportId"":""QID62_1""}","{""ImportId"":""QID63_1""}","{""ImportId"":""QID64_1""}","{""ImportId"":""QID65_1""}","{""ImportId"":""QID66_1""}","{""ImportId"":""QID67_1""}","{""ImportId"":""QID68_1""}","{""ImportId"":""QID69_1""}","{""ImportId"":""QID70_1""}","{""ImportId"":""QID71_1""}","{""ImportId"":""QID72_1""}","{""ImportId"":""QID73_1""}","{""ImportId"":""QID74_1""}","{""ImportId"":""QID75_1""}","{""ImportId"":""QID76_1""}","{""ImportId"":""QID77_1""}","{""ImportId"":""QID78_1""}","{""ImportId"":""QID79_1""}","{""ImportId"":""QID80_1""}","{""ImportId"":""QID81_1""}","{""ImportId"":""QID82_1""}","{""ImportId"":""QID83_1""}","{""ImportId"":""QID84_1""}","{""ImportId"":""QID85_1""}","{""ImportId"":""QID86_1""}","{""ImportId"":""QID87_1""}","{""ImportId"":""QID88_1""}","{""ImportId"":""QID89_1""}","{""ImportId"":""QID90_1""}","{""ImportId"":""QID91_1""}","{""ImportId"":""QID92_1""}","{""ImportId"":""QID93_1""}","{""ImportId"":""QID94_1""}","{""ImportId"":""QID96_1""}","{""ImportId"":""QID97_1""}","{""ImportId"":""QID98_1""}","{""ImportId"":""QID99_1""}","{""ImportId"":""QID100_1""}","{""ImportId"":""QID101_1""}","{""ImportId"":""QID102_1""}","{""ImportId"":""QID103_1""}","{""ImportId"":""QID104_1""}","{""ImportId"":""QID105_1""}","{""ImportId"":""QID106_1""}","{""ImportId"":""QID107_1""}","{""ImportId"":""QID108_1""}","{""ImportId"":""QID109_1""}","{""ImportId"":""QID110_1""}","{""ImportId"":""QID111_1""}","{""ImportId"":""QID112_1""}","{""ImportId"":""QID113_1""}","{""ImportId"":""QID114_1""}","{""ImportId"":""QID115_1""}","{""ImportId"":""QID116_1""}","{""ImportId"":""QID117_1""}","{""ImportId"":""QID118_1""}","{""ImportId"":""QID119_1""}","{""ImportId"":""QID120_1""}","{""ImportId"":""QID121_1""}","{""ImportId"":""QID122_1""}","{""ImportId"":""QID123_1""}","{""ImportId"":""QID124_1""}","{""ImportId"":""QID125_1""}","{""ImportId"":""QID126_1""}","{""ImportId"":""QID127_1""}","{""ImportId"":""QID128_1""}","{""ImportId"":""QID129_1""}","{""ImportId"":""QID130_1""}","{""ImportId"":""QID131_1""}","{""ImportId"":""QID132_1""}","{""ImportId"":""QID133_1""}","{""ImportId"":""QID134_1""}","{""ImportId"":""QID135_1""}","{""ImportId"":""QID136_1""}","{""ImportId"":""QID137_1""}","{""ImportId"":""QID138_1""}","{""ImportId"":""QID139_1""}","{""ImportId"":""QID140_1""}","{""ImportId"":""QID141_1""}","{""ImportId"":""QID142_1""}","{""ImportId"":""QID143_1""}","{""ImportId"":""QID144_1""}","{""ImportId"":""QID145_1""}","{""ImportId"":""QID146_1""}","{""ImportId"":""QID147_1""}","{""ImportId"":""QID148_1""}","{""ImportId"":""QID149_1""}","{""ImportId"":""QID150_1""}","{""ImportId"":""QID151_1""}","{""ImportId"":""QID152_1""}","{""ImportId"":""QID257_TEXT""}","{""ImportId"":""QID258""}","{""ImportId"":""QID261_1""}","{""ImportId"":""QID260_1""}","{""ImportId"":""QID153_1""}","{""ImportId"":""QID154_1""}","{""ImportId"":""QID155_1""}","{""ImportId"":""QID156_1""}","{""ImportId"":""QID157_1""}","{""ImportId"":""QID158_1""}","{""ImportId"":""QID159_1""}","{""ImportId"":""QID160_1""}","{""ImportId"":""QID161_1""}","{""ImportId"":""QID162_1""}","{""ImportId"":""QID163_1""}","{""ImportId"":""QID164_1""}","{""ImportId"":""QID165_1""}","{""ImportId"":""QID166_1""}","{""ImportId"":""QID167_1""}","{""ImportId"":""QID168_1""}","{""ImportId"":""QID169_1""}","{""ImportId"":""QID170_1""}","{""ImportId"":""QID171_1""}","{""ImportId"":""QID173_1""}","{""ImportId"":""QID174_1""}","{""ImportId"":""QID175_1""}","{""ImportId"":""QID176_1""}","{""ImportId"":""QID177_1""}","{""ImportId"":""QID178_1""}","{""ImportId"":""QID179_1""}","{""ImportId"":""QID180_1""}","{""ImportId"":""QID181_1""}","{""ImportId"":""QID182_1""}","{""ImportId"":""QID183_1""}","{""ImportId"":""QID184_1""}","{""ImportId"":""QID185_1""}","{""ImportId"":""QID186_1""}","{""ImportId"":""QID187_1""}","{""ImportId"":""QID188_1""}","{""ImportId"":""QID189_1""}","{""ImportId"":""QID190_1""}","{""ImportId"":""QID191_1""}","{""ImportId"":""QID192_1""}","{""ImportId"":""QID193_1""}","{""ImportId"":""QID194_1""}","{""ImportId"":""QID195_1""}","{""ImportId"":""QID196_1""}","{""ImportId"":""QID197_1""}","{""ImportId"":""QID198_1""}","{""ImportId"":""QID199_1""}","{""ImportId"":""QID200_1""}","{""ImportId"":""QID201_1""}","{""ImportId"":""QID202_1""}","{""ImportId"":""QID203_1""}","{""ImportId"":""QID204_1""}","{""ImportId"":""QID205_1""}","{""ImportId"":""QID206_1""}","{""ImportId"":""QID207_1""}","{""ImportId"":""QID208_1""}","{""ImportId"":""QID209_1""}","{""ImportId"":""QID210_1""}","{""ImportId"":""QID211_1""}","{""ImportId"":""QID212_1""}","{""ImportId"":""QID213_1""}","{""ImportId"":""QID214_1""}","{""ImportId"":""QID215_1""}","{""ImportId"":""QID216_1""}","{""ImportId"":""QID217_1""}","{""ImportId"":""QID218_1""}","{""ImportId"":""QID219_1""}","{""ImportId"":""QID220_1""}","{""ImportId"":""QID221_1""}","{""ImportId"":""QID222_1""}","{""ImportId"":""QID223_1""}","{""ImportId"":""QID224_1""}","{""ImportId"":""QID225_1""}","{""ImportId"":""QID226_1""}","{""ImportId"":""QID227_1""}","{""ImportId"":""QID228_1""}","{""ImportId"":""QID229_1""}","{""ImportId"":""QID230_1""}","{""ImportId"":""QID232_1""}","{""ImportId"":""QID233_1""}","{""ImportId"":""QID234_1""}","{""ImportId"":""QID235_1""}","{""ImportId"":""QID236_1""}","{""ImportId"":""QID237_1""}","{""ImportId"":""QID238_1""}","{""ImportId"":""QID239_1""}","{""ImportId"":""QID240_1""}","{""ImportId"":""QID241_1""}","{""ImportId"":""QID242_1""}","{""ImportId"":""QID243_1""}","{""ImportId"":""QID244_1""}","{""ImportId"":""QID245_1""}","{""ImportId"":""QID246_1""}","{""ImportId"":""QID247_1""}","{""ImportId"":""QID248_1""}","{""ImportId"":""QID249_1""}","{""ImportId"":""QID250_1""}","{""ImportId"":""QID251_1""}","{""ImportId"":""QID252_1""}","{""ImportId"":""QID253_1""}","{""ImportId"":""QID274""}"
12/9/21 15:15,12/9/21 15:15,1,,100,34,1,12/9/21 15:15,R_T5k8KHSROVxhKud,,,,,44.0644989,-123.1461029,preview,EN,,F_Z2HLXzqMnDu2gz7,signature.png,10312,image/png,RA,21,,,,,,,,,,,,,,,,,,,,,,,,,,,,,,,,,,,,,,,,,,,,,,,,,,,,,,,,,,,,,,,,,,,,,,,,,,,,,,,,,,,,,,,,,,,,,,,,,,,,,,,,,,,,,,,,,,,,,,,,,,,,,,,,,,,,,,,,,,,,,,,,,,,,,,,,,,,,,,,,,,,,,,,,,,,,,,,,,,,,,,,,,,,,,,,,,,,,,,,,,,,,,,,,,,,,,,,,,,,,,,,,,,,,,,,,,,,,,,,,,,,,,,,,,,,,,
12/19/21 10:56,12/19/21 11:54,0,73.229.18.247,100,3444,1,12/19/21 11:54,R_3Rsj7a1WUi83cUC,,,,,39.73210144,-104.9554977,anonymous,EN,,F_325tlgORZFCG34V,signature.png,2036,image/png,RA,18,,,,,,,,,,,,,,,,,,,,,,,,,,,,,,,,,,,,,,,,,,,,,,,,,,,,,,,,,,,,,,,,,,,,,,,,,,,,,,,,,,,,,,,,,,,,,,,,,,,,,,,,,,,,,,,,,,,,,,,,,,,,,,,,,,,,,,,,,,,,,,,,,,,,,,X X,16,,,,,,,,,,,,,,,,,,,,,,,,,,,,,,,,,,,,,,,,,,,,,,,,,,,,,,,,,,,,,,,,,,,,,,,,,,,,,,,,,,,,,,,,,,,,,,,,,,,,,,
12/15/21 11:34,12/15/21 11:35,0,128.223.99.76,2,38,0,12/22/21 11:35,R_1Iv0P8Tr34JY3hY,,,,,,,anonymous,EN,,F_2e38LHgUbMmEGLj,signature.png,11563,image/png,GE,32,,,,,,,,,,,,,,,,,,,,,,,,,,,,,,,,,,,,,,,,,,,,,,,,,,,,,,,,,,,,,,,,,,,,,,,,,,,,,,,,,,,,,,,,,,,,,,,,,,,,,,,,,,,,,,,,,,,,,,,,,,,,,,,,,,,,,,,,,,,,,,,,,,,,,,,,,,,,,,,,,,,,,,,,,,,,,,,,,,,,,,,,,,,,,,,,,,,,,,,,,,,,,,,,,,,,,,,,,,,,,,,,,,,,,,,,,,,,,,,,,,,,,,,,,,,,,
1/3/22 22:30,1/3/22 22:57,0,73.96.135.180,100,1623,1,1/3/22 22:57,R_30nIwCXoCQsbcyc,,,,,44.0644989,-123.1461029,anonymous,EN,,F_A6XGfP56xhCeox3,signature.png,6994,image/png,RA,21,,,,,2,4,5,5,5,4,2,5,5,1,4,5,2,,,,,,,,,,,,,,,,,,,,,,,,,,,,,,,,,,,,,,,,,,,,,,,,,,,,,,,,,,,,,,,,,,,,,,,,,,,,,,,,,,,,,,,,,,,,,,,,,,,,,,,,,,,,,,,,,,,,,,,,,,,,,,,,,,,,,7000 mins,7,,,,,,,,,,,,,,,,,,,,,,,,,,,,,,,,,,,,,,,,,,,,,,,,,,,,,,,,,,,,,,,,,,,,,,,,,,,,,,,,,,,,,,,,,,,,,,,,,,,,,,
2/18/22 12:59,2/18/22 13:50,0,128.223.223.1,100,3072,1,2/18/22 13:50,R_1jizGQyffHZM36Z,,,,,44.03579712,-123.0576019,anonymous,EN,,F_6u1UJd013wZLTwZ,signature.png,9516,image/png,RA,20,3,3,5,4,1,4,4,5,5,5,2,4,4,2,4,4,4,2,4,4,2,2,2,2,1,4,2,4,4,4,4,2,4,2,4,4,2,4,4,4,2,4,4,4,2,4,4,4,2,4,1,5,2,4,4,5,3,3,4,4,3,4,2,2,4,1,3,4,4,4,4,2,3,4,2,4,4,2,2,4,3,3,1,2,3,5,4,3,3,2,2,5,5,4,3,3,5,2,4,4,4,1,2,1,1,1,1,1,2,2,1,5,3,6,6,5,5,2,2,5,4,1,1,2,1,1,3,2,1,1,1,2,2,1,1,1,3,1,3,2,1,1,1,2,1,1,1,1,3,2 years 5 months,11,2,2,4,5,1,4,5,5,1,1,2,4,2,5,5,5,,2,1,5,4,2,1,5,5,4,4,4,2,1,1,1,2,4,4,5,5,1,5,4,1,2,2,5,5,5,3,5,4,2,4,4,4,4,2,4,5,2,4,5,1,5,5,2,4,4,4,4,5,2,4,2,4,4,2,2,2,2,2,4,5,5,5,2,4,4,4,2,2,4,4,4,5,5,2,2,4,4,2,5,5,
2/22/22 15:38,2/23/22 13:34,0,128.223.99.211,100,78947,0,3/2/22 13:34,R_1qgJr8qPGGAhFTI,,,,,,,anonymous,EN,,F_2XbPiBIdqRcaMCV,signature.png,13199,image/png,LM,25,2,2,5,4,3,5,1,5,5,4,1,4,5,1,3,4,5,3,5,4,1,5,4,1,2,5,4,3,5,1,1,3,3,1,5,5,2,2,1,5,2,5,5,5,3,4,5,4,5,5,2,5,5,5,5,3,2,4,2,5,4,3,4,2,4,2,2,2,4,4,3,3,5,2,5,2,3,3,4,2,5,4,1,3,5,2,5,4,4,1,5,2,5,3,4,5,5,4,5,5,4,2,2,3,2,2,2,2,2,3,3,4,2,5,3,3,3,2,4,3,2,4,2,4,3,3,4,4,4,5,3,3,4,3,3,4,4,3,4,4,3,4,2,4,3,4,3,3,4,21 years 0 months,13,2,2,3,3,2,2,5,4,3,2,4,4,4,1,3,2,4,2,4,5,4,1,3,4,5,5,3,4,4,4,4,1,5,5,5,5,4,2,5,5,2,5,5,5,4,5,2,5,4,3,3,3,3,3,3,4,5,3,4,4,4,5,4,4,5,5,4,4,2,3,2,4,4,4,1,2,2,2,2,5,5,5,5,4,4,5,4,5,3,1,5,5,5,5,4,5,5,5,4,5,3,
3/8/22 11:34,3/8/22 11:54,0,128.223.223.161,100,1162,1,3/8/22 11:54,R_1KxaprdeAMrOMCz,,,,,44.03579712,-123.0576019,anonymous,EN,,F_3lRKQwJlzXsYzKO,signature.png,8285,image/png,RA,21,3,3,5,4,2,4,1,5,3,4,4,1,2,2,2,2,5,4,5,4,2,5,1,4,2,5,5,4,5,2,4,2,2,2,4,4,2,2,1,4,3,4,4,4,2,1,4,4,5,2,1,4,4,2,3,5,3,2,1,3,5,3,1,3,2,1,3,4,4,3,1,2,3,3,1,1,2,1,2,2,1,3,2,1,3,2,4,4,2,2,2,2,4,4,4,3,4,3,4,4,5,1,1,1,1,1,1,1,2,1,1,4,5,6,6,5,3,3,2,4,4,2,3,5,2,4,3,5,4,1,4,1,4,1,3,3,2,5,5,4,1,3,1,1,3,2,1,1,5,5 years ,11,2,2,2,5,4,1,2,5,2,5,1,2,4,4,5,5,4,5,1,1,4,2,1,5,5,4,4,1,2,2,1,2,5,5,5,5,5,1,5,5,1,5,5,5,4,5,4,5,4,4,4,5,4,1,4,4,5,1,5,5,3,4,4,4,5,5,4,4,5,1,5,2,4,4,4,4,2,1,3,5,5,4,5,4,4,4,5,3,4,4,5,4,5,4,4,5,5,5,3,4,3,
4/6/22 21:30,4/6/22 22:16,0,173.11.2.1,100,2778,1,4/6/22 22:16,R_qED22xXWzAOnTsR,,,,,44.0358,-123.0576,anonymous,EN,,F_2aPJzLQ1u5z8PKZ,signature.png,13060,image/png,d01_02,18,3,3,1,4,4,4,2,4,4,2,2,4,4,4,2,4,4,1,2,1,4,4,2,2,2,4,4,2,4,3,5,2,2,2,4,2,4,1,2,4,3,4,4,4,2,2,3,5,4,4,1,4,4,5,2,5,2,1,5,4,3,3,3,3,2,3,2,3,4,3,5,3,4,4,1,5,4,3,4,4,3,4,4,3,4,3,4,3,4,2,2,3,4,3,2,1,3,2,3,4,3,2,2,3,2,2,3,2,1,2,2,2,5,4,6,2,3,2,4,4,4,2,3,3,3,2,3,2,2,2,1,2,2,1,3,3,4,3,3,2,2,2,2,1,2,3,3,4,3,0 years 7 months,13,2,2,1,3,1,5,5,4,5,4,5,2,2,2,4,1,2,4,2,5,1,1,1,3,2,1,4,4,5,2,5,2,1,1,2,4,4,1,5,5,1,1,2,5,4,2,1,2,3,5,4,2,2,2,1,2,1,4,2,4,1,5,3,2,4,3,5,5,4,1,4,1,2,1,1,1,4,2,2,5,2,2,5,2,2,2,3,4,5,1,4,3,5,4,3,4,4,5,3,5,4,
4/6/22 21:34,4/6/22 22:17,0,173.11.2.1,100,2579,1,4/6/22 22:17,R_3QVK7jZD3ZWBtZL,,,,,44.0358,-123.0576,anonymous,EN,,F_1guWCGeWAyr8Pwc,signature.png,8334,image/png,d01_01,19,3,3,1,4,5,4,2,5,5,4,4,5,5,2,2,3,4,1,4,1,4,5,3,1,2,5,4,2,5,4,1,5,4,2,4,5,5,5,4,2,4,5,2,5,4,2,4,2,4,4,2,2,5,5,4,4,5,5,4,2,1,3,5,4,5,2,5,1,5,2,4,1,4,5,4,5,3,2,5,1,5,4,2,4,2,1,3,4,2,5,4,3,5,4,1,4,5,2,1,2,1,4,5,4,5,5,4,3,2,4,1,1,4,1,2,2,1,2,3,4,3,5,5,5,4,4,4,5,4,5,5,2,4,5,5,5,5,4,4,5,4,5,3,5,4,5,5,4,5,0 years 7 months,13,2,2,4,5,2,4,4,1,1,1,4,2,2,4,5,2,2,1,2,5,2,2,4,5,4,2,4,4,2,2,3,2,1,4,3,5,4,1,5,3,3,1,4,5,5,4,1,5,4,5,1,5,4,2,5,5,1,1,5,4,1,5,4,2,5,5,4,2,4,1,4,1,1,3,1,1,5,5,4,4,5,5,5,2,4,5,4,5,1,1,4,3,5,3,5,4,5,5,5,5,5,
4/7/22 14:52,4/7/22 15:20,0,128.223.223.145,100,1691,1,4/7/22 15:20,R_2UfjdAgAJJ7azuD,,,,,44.0358,-123.0576,anonymous,EN,,F_3dQy5VU2sbbk5cZ,signature.png,13284,image/png,d04_02,19,2,2,1,4,2,2,3,3,4,4,4,4,1,2,4,3,4,5,4,5,4,2,4,2,3,4,4,2,5,2,2,4,2,2,4,1,2,2,4,4,3,4,3,4,4,4,4,4,3,4,3,3,4,2,2,1,3,3,2,4,4,1,3,3,2,2,1,1,4,2,3,2,5,3,1,4,3,1,3,3,4,4,1,3,5,3,4,2,2,1,5,3,5,4,3,3,5,5,2,4,3,1,2,2,1,1,1,1,2,2,1,2,1,5,5,5,4,3,4,4,2,1,1,1,1,1,3,1,1,1,2,1,3,1,2,1,1,2,1,1,1,1,1,1,1,1,1,1,2,0 years 6 months,14,2,2,3,4,5,5,4,2,3,4,5,3,3,2,4,1,4,3,3,1,2,2,3,5,4,2,5,4,4,2,4,1,1,1,4,4,3,2,5,4,2,1,2,4,3,2,1,1,2,2,4,4,2,4,1,2,5,2,2,5,2,5,1,5,3,5,4,4,5,1,2,1,1,1,1,1,1,2,1,3,1,3,2,1,1,1,1,1,3,1,3,2,3,2,4,4,4,2,3,5,4,
4/7/22 15:03,4/7/22 17:25,0,128.223.223.235,100,8549,1,4/7/22 17:26,R_11YLyI9NXlknzWg,,,,,44.0358,-123.0576,anonymous,EN,,F_ymqwGP0L4qAFwfD,signature.png,9591,image/png,d04_01,19,3,3,5,4,2,4,1,5,5,4,4,1,4,2,2,4,4,2,3,4,1,4,2,2,2,4,5,2,4,2,4,1,5,1,4,5,2,1,4,3,1,5,4,5,1,4,5,5,5,5,1,5,4,4,4,5,2,4,3,5,4,2,2,4,4,2,4,1,3,4,3,4,5,1,4,4,5,1,4,2,4,4,3,2,5,2,4,4,4,2,5,3,4,4,3,3,5,4,4,4,3,3,3,3,2,2,2,2,2,2,4,4,1,3,3,3,3,3,4,4,3,3,3,3,3,2,4,3,1,4,2,4,4,3,4,2,2,4,4,3,1,3,4,2,2,3,2,4,5,"0 years, 7 months",13,2,2,2,4,1,2,4,4,4,2,1,2,4,4,5,5,5,5,2,4,5,1,1,5,5,5,5,1,4,2,1,1,2,2,4,5,3,3,4,4,2,2,3,5,4,4,2,4,4,2,4,2,4,3,3,2,5,3,4,3,3,4,4,4,5,5,4,4,4,2,4,4,2,1,1,1,4,4,1,4,4,4,4,2,3,4,4,4,4,2,5,4,4,4,4,4,4,4,4,5,4,
4/8/22 8:48,4/8/22 9:13,0,67.189.42.66,100,1543,1,4/8/22 9:13,R_2UWogww4VWjGkQp,,,,,44.0991,-123.1371,anonymous,EN,,F_3RentYdgjwnLF1t,signature.png,17662,image/png,d07_01,20,2,2,5,4,1,2,2,2,5,5,3,1,2,1,5,4,4,5,4,5,3,5,5,2,3,4,4,5,5,1,2,3,1,2,5,4,1,2,3,2,4,2,3,4,2,1,3,5,3,2,4,2,4,2,4,1,1,1,1,1,4,5,1,2,1,1,1,3,3,1,1,1,2,2,1,1,1,1,1,1,1,1,1,1,1,3,5,1,1,1,1,1,5,4,5,5,5,5,4,5,5,1,1,1,1,1,1,1,1,1,1,5,2,6,4,6,5,4,2,5,4,1,1,1,1,1,1,1,1,1,1,1,1,1,1,1,1,1,1,1,1,1,1,1,1,1,1,1,2,0 years 7 months,13,2,1,1,2,2,4,2,5,4,3,2,5,4,1,5,2,4,5,2,4,2,4,1,4,5,5,5,2,4,2,4,3,1,1,4,5,5,1,5,5,1,1,5,5,5,5,1,3,5,5,5,2,4,2,1,2,5,4,2,5,1,5,1,2,4,5,4,4,5,1,2,1,1,1,1,1,1,2,1,4,3,4,3,1,3,3,2,2,2,1,3,1,4,4,4,4,3,4,4,4,3,
4/8/22 19:49,4/8/22 20:21,0,137.164.44.34,100,1891,1,4/8/22 20:21,R_1LvZNuu0FNHosGb,,,,,39.28869629,-121.3350983,anonymous,EN,,F_wNWKkQSSrB8lmWB,signature.png,6873,image/png,d02_01,22,3,3,1,4,4,3,1,2,4,5,1,1,1,2,5,4,5,5,5,4,3,2,4,2,1,5,5,5,5,1,4,2,1,1,4,4,2,1,4,4,2,4,4,4,2,4,4,5,4,4,1,4,4,4,2,5,1,2,1,1,5,4,1,2,2,2,2,2,5,2,3,2,1,1,1,3,2,2,1,2,1,3,3,1,2,2,4,2,2,1,1,2,4,4,4,4,4,4,3,4,4,1,1,1,1,1,1,1,1,1,1,6,6,6,6,6,4,2,2,4,3,1,1,1,1,1,1,2,1,2,1,1,1,1,2,1,2,1,1,2,1,2,1,1,1,2,1,1,2,2 years and 8 months,13,2,2,4,4,4,5,5,1,1,4,2,2,4,1,4,2,4,2,1,4,2,1,5,5,4,2,5,2,5,1,2,1,2,2,5,5,5,1,5,4,1,2,4,5,4,5,1,2,4,2,2,2,4,2,1,5,5,1,5,5,1,5,4,4,4,4,4,4,2,2,5,4,4,1,1,1,1,2,1,4,4,4,4,2,4,4,4,2,2,2,4,2,4,4,4,4,4,5,4,5,4,
4/9/22 19:22,4/9/22 20:05,0,76.10.2.23,100,2612,1,4/9/22 20:05,R_bDgltZ29yCcmoIF,,,,,44.03579712,-123.0576019,anonymous,EN,,F_3fIrvg6iJkImk8j,signature.png,9628,image/png,d05_01,22,2,2,5,4,2,4,1,1,3,5,3,1,1,3,4,5,5,5,3,4,1,5,5,4,2,5,5,5,4,1,3,1,2,4,4,4,2,2,3,3,4,3,4,3,4,2,3,4,4,3,3,4,3,4,3,3,1,2,2,4,1,5,1,2,3,4,4,1,5,2,2,2,2,1,1,1,2,2,1,1,2,1,2,4,1,2,5,1,2,3,2,4,4,4,4,3,4,4,3,4,4,1,1,1,1,1,1,2,1,1,1,6,7,6,7,7,5,5,1,5,5,1,1,1,1,1,1,1,1,3,1,1,1,1,2,1,1,1,1,1,1,1,1,1,1,1,1,1,1,3 years 6 months,13,2,2,2,5,2,1,2,4,1,2,1,3,4,5,5,5,4,5,1,2,5,2,2,5,5,5,4,1,1,1,1,2,3,3,5,5,5,1,5,5,1,2,5,5,5,5,5,5,5,4,3,2,4,1,5,2,4,3,2,1,5,1,5,3,5,3,4,4,5,1,1,2,2,1,1,5,4,3,4,4,3,3,5,5,3,2,1,2,3,1,4,2,5,5,5,4,5,4,4,5,3,
4/9/22 16:07,4/10/22 14:04,0,174.204.207.181,100,79023,1,4/10/22 14:04,R_26kWV36HtcVPoYj,,,,,45.51109314,-122.5999985,anonymous,EN,,F_Di8umaoF6sSQLLz,signature.png,6340,image/png,d03_02,20,2,2,5,4,4,5,1,4,4,2,2,2,4,2,2,1,4,3,2,2,4,4,4,4,4,4,5,5,5,1,3,2,4,3,5,5,3,3,4,4,2,2,4,4,2,2,3,5,4,5,2,4,4,5,4,3,2,3,3,4,3,4,3,3,4,2,2,1,3,4,3,2,3,1,3,4,4,3,1,1,4,4,3,3,1,2,4,4,4,2,1,4,4,4,4,4,4,2,3,3,4,2,2,2,2,1,4,3,2,2,1,1,3,3,3,3,4,3,3,3,3,2,1,2,3,2,3,3,5,4,3,2,4,3,2,3,3,5,2,3,4,4,4,4,3,4,4,1,4,6 years,10,2,2,2,5,4,4,5,5,1,3,4,1,4,4,5,2,5,5,1,2,2,1,2,5,2,1,5,2,2,4,4,1,5,5,5,5,4,2,5,5,5,4,4,5,5,4,4,4,4,4,4,4,4,2,4,3,4,2,4,4,4,4,4,2,4,4,2,4,4,4,4,2,3,4,4,4,2,2,2,5,4,5,5,5,5,5,2,2,2,5,3,2,4,3,4,4,4,3,4,5,5,
4/9/22 16:08,4/10/22 14:06,0,174.204.199.140,100,79124,1,4/10/22 14:06,R_e4jyPVHFDvW0xJn,,,,,45.47520447,-122.5560989,anonymous,EN,,F_DIcrgmCYHKlTZZL,signature.png,10103,image/png,d03_01,20,3,3,5,4,1,5,4,5,5,4,2,4,5,1,4,5,5,1,4,5,1,4,2,2,4,5,5,1,5,2,3,4,5,1,5,5,5,1,2,4,3,5,5,5,2,1,2,3,4,5,1,5,4,4,3,5,5,5,5,5,2,2,3,5,5,4,3,4,3,5,3,1,5,5,5,5,5,5,5,5,5,5,2,5,5,5,1,5,5,3,1,5,5,2,3,3,5,3,5,4,5,3,5,5,3,4,1,3,5,3,2,1,1,2,1,4,3,3,4,4,1,4,1,4,3,3,5,4,3,5,4,4,5,5,5,4,4,3,5,4,3,4,4,5,3,3,3,5,5,6 years,10,2,2,4,4,2,5,4,2,4,4,3,3,3,2,5,2,3,4,3,2,4,4,4,4,4,1,4,2,1,4,4,1,5,4,5,5,4,3,5,4,3,4,5,5,5,4,4,5,3,3,5,3,4,1,1,5,5,2,4,5,1,4,4,2,5,1,4,4,2,4,5,4,4,4,4,1,4,1,3,5,5,2,5,4,4,5,5,2,2,5,5,1,5,5,4,5,5,5,4,5,4,
4/11/22 13:58,4/11/22 15:34,0,67.171.219.73,100,5808,0,4/11/22 16:24,R_3GkXwPLMxFLtjox,,,,,,,anonymous,EN,,F_TwtFxvvGrPnu9ah,signature.png,7505,image/png,d08_01,21,2,2,1,4,3,4,1,5,4,3,4,2,5,1,3,4,4,3,4,4,2,5,2,5,3,5,5,2,4,1,4,2,3,5,5,5,4,1,2,5,1,5,3,5,2,4,5,5,5,5,1,4,4,4,3,4,4,5,2,5,1,2,5,5,4,4,5,1,3,3,1,4,5,1,4,2,5,1,5,2,4,5,2,1,5,2,3,4,4,3,5,3,5,4,3,3,4,5,4,4,1,2,2,5,2,2,2,2,3,3,4,1,4,5,3,3,3,3,3,3,3,4,3,4,4,3,4,4,1,4,4,4,4,4,4,4,3,4,4,3,1,2,3,4,4,4,4,4,5,2 years 5 months,13,2,2,2,5,3,4,5,3,2,3,3,4,4,1,5,4,5,5,1,4,3,5,4,5,5,4,5,2,5,1,4,1,3,3,5,5,5,5,5,5,4,3,4,5,3,4,2,4,4,4,5,5,5,2,4,2,5,2,5,5,2,5,5,2,5,5,4,5,4,3,4,4,3,1,1,1,2,1,3,5,5,5,5,4,4,3,3,5,5,4,4,3,5,5,4,5,5,5,4,5,5,
4/9/22 10:02,4/9/22 10:46,0,216.106.151.65,100,2657,0,4/11/22 16:54,R_2CvuqrCxpHXGfvN,,,,,,,anonymous,EN,,F_22EXqt4ddgvcFmR,signature.png,7274,image/png,d05_02,21,2,2,5,4,2,5,4,2,4,5,1,4,2,2,4,5,5,5,5,5,2,4,5,4,1,5,5,5,5,1,2,2,1,2,4,5,2,2,2,4,2,4,4,4,2,4,5,5,5,4,1,5,5,5,4,4,2,1,2,3,3,4,1,3,2,3,2,1,4,3,2,3,3,2,1,3,3,3,2,2,2,2,2,2,3,2,4,3,3,3,3,2,4,4,4,5,4,4,5,5,4,1,1,1,1,1,2,2,1,1,1,5,6,5,5,5,4,3,2,4,4,1,1,1,1,1,2,2,1,3,1,2,2,2,2,1,1,1,2,2,1,1,2,2,1,2,1,2,2,3 years 5 months,13,2,2,4,4,2,1,4,5,3,1,2,2,4,2,4,5,4,4,4,5,5,4,1,5,5,5,4,1,4,2,2,2,4,4,5,5,5,3,5,5,2,2,5,5,5,5,2,4,5,4,4,2,4,4,4,4,4,2,4,3,4,2,4,2,4,4,4,4,4,2,2,4,2,1,1,2,4,2,2,4,4,4,4,2,2,2,2,4,2,2,4,2,4,5,5,4,4,4,4,5,4,
4/11/22 14:31,4/11/22 15:40,0,67.171.219.73,100,4154,0,4/11/22 17:07,R_3rM3cxY8XpDhyCg,,,,,,,anonymous,EN,,F_2bToLYBIW37ZsW7,signature.png,15466,image/png,d08_02,22,3,3,5,4,1,4,5,3,5,4,2,4,2,2,4,2,4,4,4,5,2,2,4,2,2,4,3,4,4,2,4,4,4,2,4,5,2,2,4,3,2,4,4,4,2,5,3,4,3,3,3,3,4,5,4,3,2,2,2,3,3,4,2,2,2,2,4,2,3,2,2,2,4,3,1,3,5,3,3,3,2,5,2,3,4,3,3,1,3,3,5,4,4,4,4,4,4,4,4,4,5,1,1,2,1,1,1,1,1,1,2,5,5,6,6,6,4,4,2,4,4,1,1,1,1,1,1,2,1,2,1,1,1,1,2,1,2,2,5,2,1,1,1,1,2,2,1,4,4,2 years 5 months,13,2,2,1,5,2,5,5,5,3,2,5,1,4,5,5,3,4,5,1,5,2,2,3,5,5,3,5,1,2,2,3,1,4,4,5,5,5,1,5,5,2,5,5,5,4,5,1,4,5,3,3,4,2,2,2,2,5,2,5,5,1,5,3,2,4,5,4,4,5,1,5,4,2,1,1,1,1,1,1,4,5,4,4,2,2,4,3,2,2,2,4,2,4,4,4,4,4,4,4,5,5,
4/11/22 22:14,4/11/22 22:59,0,73.25.72.45,100,2663,0,4/12/22 11:10,R_R9RHq43TZbdHbDb,,,,,,,anonymous,EN,,F_3JfMRPmAxob9E2t,signature.png,18251,image/png,d02_02,21,3,3,1,4,4,5,5,5,5,2,4,5,4,1,2,2,5,2,5,4,4,2,2,1,4,5,4,2,5,4,5,2,4,1,5,5,5,4,2,4,1,5,4,5,2,2,5,4,4,5,1,5,5,2,4,5,5,3,3,4,2,4,3,5,5,2,1,1,4,4,3,5,3,3,4,5,3,3,3,3,5,5,5,3,2,5,4,4,5,3,5,5,4,3,5,5,4,4,5,5,4,2,2,2,2,2,2,2,4,1,1,6,5,6,7,6,4,2,3,5,4,3,4,2,2,2,3,4,2,2,2,1,4,2,5,4,3,4,4,4,2,3,2,2,2,4,3,3,4,2 years,13,2,2,2,5,1,4,5,4,1,2,2,1,4,4,5,4,3,5,1,4,5,1,3,5,5,5,4,1,2,1,1,2,1,2,5,5,5,1,5,5,1,1,4,5,4,5,3,4,4,3,3,3,4,2,4,3,5,3,3,5,1,5,4,2,5,5,4,4,3,3,3,1,1,1,1,1,3,1,1,4,4,3,4,3,4,4,3,3,4,2,5,3,4,4,4,4,4,4,4,5,4,
4/12/22 12:36,4/12/22 12:38,0,128.223.99.211,100,111,1,4/12/22 12:38,R_3O03sUuYtxbRyqm,,,,,44.0196991,-123.1007996,anonymous,EN,,F_DVvUYKNliRPNOzT,signature.png,4559,image/png,Testing,100,,,,,,,,,,,,,,,,,,,,,,,,,,,,,,,,,,,,,,,,,,,,,,,,,,,,,,,,,,,,,,,,,,,,,,,,,,,,,,,,,,,,,,,,,,,,,,,,,,,,,,,,,,,,,,,,,,,,,,,,,,,,,,,,,,,,,,,,,,,,,,,,,,,,,,33 years 33 months,,,,,,,,,,,,,,,,,,,,,,,,,,,,,,,,,,,,,,,,,,,,,,,,,,,,,,,,,,,,,,,,,,,,,,,,,,,,,,,,,,,,,,,,,,,,,,,,,,,,,,,
4/12/22 18:05,4/12/22 19:55,0,67.171.219.73,100,6564,1,4/12/22 19:55,R_3lxmShw6bvH1UDn,,,,,44.0683,-123.0763,anonymous,EN,,F_RK0o3NKyac20p45,signature.png,8387,image/png,d10_02,22,2,2,5,4,5,4,3,5,5,1,2,4,5,3,2,3,2,4,4,2,3,4,2,1,4,4,4,3,3,5,4,3,3,1,2,4,4,3,4,4,1,4,4,5,2,2,3,5,5,5,1,4,4,4,2,5,5,4,4,5,2,2,3,4,4,3,3,4,2,3,5,5,5,5,2,4,4,2,4,4,3,4,4,3,5,2,3,2,3,3,3,4,4,3,4,4,4,3,2,3,2,3,4,4,2,3,2,4,3,3,1,5,6,6,5,4,4,2,2,4,4,2,2,1,2,1,3,2,1,1,2,3,3,3,2,2,2,3,3,2,1,1,4,2,2,4,1,1,3,Around 6 Years ,13,2,2,4,5,4,3,5,5,2,2,2,1,3,5,5,4,4,4,1,4,4,1,2,5,4,4,5,3,2,3,3,1,4,3,4,5,5,1,5,5,1,2,4,5,5,5,3,5,2,3,4,4,4,3,4,4,5,2,4,5,2,3,5,2,5,4,5,4,4,5,1,5,2,1,1,1,4,4,4,4,5,5,5,3,4,4,4,3,2,1,5,4,5,4,5,4,5,5,4,5,4,
4/12/22 20:01,4/12/22 21:01,0,67.171.219.73,100,3559,1,4/12/22 21:01,R_10qL7BMVeQh2pRT,,,,,44.0683,-123.0763,anonymous,EN,,F_1jfjU0dNlC0ITTH,signature.png,6530,image/png,d10_01,22,2,2,5,4,4,5,5,4,5,4,2,5,4,2,2,4,4,5,4,4,1,1,4,2,4,5,4,5,4,4,4,4,1,2,5,5,1,1,2,4,1,5,5,5,1,5,5,5,5,5,1,5,5,5,4,5,2,2,1,3,4,3,1,2,4,2,2,2,4,5,3,4,2,4,1,2,2,1,4,4,2,3,2,2,1,2,4,2,4,2,2,2,3,4,4,4,3,4,4,4,5,1,2,1,1,2,1,2,1,2,1,6,6,7,6,6,4,4,2,5,4,1,1,1,2,1,2,2,1,1,1,2,2,1,2,1,2,1,3,2,1,1,1,2,1,2,1,2,1,6 Years,13,2,2,2,4,4,5,5,1,4,5,5,1,1,2,4,5,5,2,2,2,2,1,5,4,2,2,4,4,5,4,4,1,5,5,5,5,5,2,5,5,2,5,5,5,5,5,2,4,4,4,2,2,4,4,4,4,2,4,2,5,2,4,4,2,4,2,5,4,5,2,2,5,4,1,1,1,2,1,4,4,4,4,4,2,2,4,4,4,4,2,4,2,5,4,4,4,5,4,4,5,4,
4/13/22 12:41,4/13/22 13:30,0,128.223.223.251,100,2924,1,4/13/22 13:30,R_10SfKiV76SN7mRm,,,,,44.0683,-123.0763,anonymous,EN,,F_1ikzeQN4xvYKLow,signature.png,15311,image/png,d11_02,18,3,3,5,4,5,5,3,4,2,1,4,4,4,2,3,1,5,5,3,2,2,3,4,4,5,5,4,2,3,2,4,2,2,3,4,3,3,1,2,4,1,4,4,3,1,3,3,4,3,4,1,3,2,3,4,3,5,4,5,4,1,2,4,5,4,3,3,2,3,5,4,4,5,5,4,5,5,4,5,2,4,5,5,3,4,3,3,3,4,4,5,4,4,3,4,3,4,3,3,3,3,2,3,2,2,1,1,2,3,3,1,1,6,2,2,6,3,2,3,4,3,3,1,1,1,1,2,3,1,1,2,1,3,2,3,3,4,3,3,3,1,1,2,2,3,3,2,1,1,7 months,14,1,1,1,4,4,4,4,2,3,4,4,3,2,4,4,2,3,5,2,1,3,2,4,4,3,2,4,4,2,2,2,2,1,1,5,5,4,2,4,5,3,1,2,5,2,4,1,1,4,2,4,5,2,3,1,5,5,1,5,5,1,5,3,4,4,5,3,3,5,1,5,2,1,1,1,1,1,2,1,2,1,3,3,1,3,2,3,2,2,1,3,1,4,4,2,2,4,4,2,5,3,
4/13/22 11:01,4/13/22 18:56,0,128.223.223.67,100,28472,1,4/13/22 18:56,R_1n1TC6Lnz97ls6S,,,,,45.4501,-122.868,anonymous,EN,,F_31B3eoLkegFtLIi,signature.png,16144,image/png,d11_01,19,3,3,5,4,3,5,4,5,3,4,2,3,4,3,4,4,5,2,4,4,1,4,2,2,4,5,4,2,2,4,4,4,4,3,4,5,4,2,2,4,2,4,4,4,2,3,4,4,4,4,1,4,4,3,3,4,4,4,5,4,3,2,3,4,3,4,4,4,4,2,3,4,5,4,4,5,4,4,4,4,5,5,3,4,5,4,2,3,4,4,1,5,3,3,4,4,4,3,3,4,4,2,2,1,1,2,2,2,1,1,1,2,5,5,5,4,4,3,3,4,4,3,2,3,3,3,3,3,1,1,1,2,1,1,2,3,3,3,2,2,1,1,1,3,1,1,1,1,1,0 years 5 months,13,1,1,4,4,1,2,3,2,1,3,3,2,4,3,4,5,5,2,1,5,4,1,5,5,4,3,3,2,1,2,1,1,1,1,5,5,4,2,4,4,2,1,5,5,5,4,2,3,4,2,4,4,2,4,1,5,5,2,5,5,2,4,2,4,4,4,2,2,4,2,4,3,1,1,1,1,1,3,2,4,3,4,5,2,3,4,4,4,2,3,5,1,4,4,4,3,4,4,2,4,5,
4/13/22 22:10,4/13/22 23:54,0,73.67.152.130,100,6236,1,4/13/22 23:54,R_1lrF5f2pKHbyrY7,,,,,44.0683,-123.0763,anonymous,EN,,F_UlJbFi8CclMt5Jf,signature.png,14919,image/png,d07_02,25,3,3,,4,1,5,4,5,4,5,2,4,3,2,5,3,4,2,5,5,2,4,2,2,2,5,5,3,4,2,4,4,3,1,5,5,2,2,2,3,2,4,4,4,2,3,5,4,5,4,3,4,5,4,4,4,3,2,3,5,4,3,1,4,3,3,4,2,3,4,3,4,3,4,2,4,4,2,3,3,2,3,1,2,3,2,4,4,4,3,3,2,4,3,4,4,4,3,4,4,4,2,2,2,1,1,2,1,1,1,1,3,2,5,6,5,4,3,3,4,4,1,1,1,1,1,2,2,1,1,1,2,1,1,2,1,3,1,3,,1,1,2,1,1,1,1,1,1,8 month,13,2,2,1,5,2,1,5,5,4,2,1,1,5,4,5,4,5,5,2,3,3,1,1,4,5,5,5,1,4,5,4,1,1,1,5,5,4,2,5,5,1,2,4,5,4,5,2,3,4,4,4,4,4,2,4,3,5,3,3,4,3,4,3,2,4,5,4,4,2,2,4,3,1,1,1,1,3,3,1,5,5,2,3,1,2,3,2,1,2,1,4,2,4,4,4,5,4,4,5,5,4,
4/14/22 15:45,4/14/22 19:34,0,184.171.55.38,100,13735,1,4/14/22 19:34,R_3r1YgagttJtVcKP,,,,,44.0358,-123.0576,anonymous,EN,,F_1f9qZ9yJl64SOl7,signature.png,14598,image/png,d12_02,21,2,2,5,4,2,3,1,1,4,4,2,2,2,2,4,4,4,4,4,5,2,4,5,4,2,4,4,5,2,1,2,2,1,4,5,4,2,2,2,4,4,4,4,4,2,4,3,4,4,4,2,4,4,4,4,2,3,3,4,3,4,4,2,4,1,3,2,1,4,2,2,4,3,3,2,2,2,3,3,2,2,2,2,3,3,2,4,3,3,2,2,2,4,4,4,4,4,4,3,3,4,1,2,2,2,2,1,1,2,2,2,7,7,7,7,6,4,4,2,5,4,1,1,1,1,1,1,1,1,2,1,2,1,1,1,1,1,3,1,2,1,1,1,1,1,1,1,2,2,1 year 7 months,13,2,1,2,4,4,2,2,4,1,2,1,1,4,4,5,4,3,5,1,2,4,5,4,5,5,4,4,1,2,2,2,2,2,4,5,5,4,3,4,5,2,2,4,5,5,4,3,4,4,2,1,2,2,2,4,3,4,4,4,4,4,2,4,2,4,4,4,4,4,2,2,4,2,2,2,4,4,4,4,5,4,4,4,2,3,4,4,4,4,2,4,2,3,4,5,4,5,4,4,5,5,
4/16/22 12:42,4/16/22 13:18,0,128.223.223.117,100,2171,1,4/16/22 13:18,R_1MKSRcKDnPyXZZf,,,,,44.0358,-123.0576,anonymous,EN,,F_3fNsxNv51pxWDsN,signature.png,8330,image/png,d13_02,18,4,3,5,4,5,5,5,5,5,2,1,5,5,3,2,4,4,1,3,1,1,3,2,2,4,5,4,3,4,4,3,4,5,4,3,5,4,3,3,3,3,4,3,3,2,2,4,4,4,4,2,3,2,4,4,4,4,4,3,5,3,3,3,3,4,3,3,4,3,5,4,4,4,4,3,4,4,4,4,3,4,4,5,2,4,3,3,4,4,3,4,3,3,3,2,2,3,2,3,3,2,3,3,3,3,1,2,2,1,1,2,1,1,3,5,4,3,3,3,3,3,2,1,1,1,2,1,3,1,2,1,2,2,2,4,3,5,2,4,3,2,2,2,4,2,1,1,1,2,7 months,14,1,1,1,4,4,4,4,5,1,3,3,2,5,4,4,3,3,5,1,2,3,2,3,3,3,4,3,3,3,4,3,3,3,3,3,4,3,3,4,4,3,3,4,5,4,2,1,1,4,1,5,5,2,4,3,5,5,1,5,5,1,5,1,4,1,5,2,4,5,1,5,1,1,1,1,1,1,3,1,4,3,3,2,1,1,2,3,2,1,1,4,2,4,3,4,3,4,4,1,4,4,
4/17/22 22:24,4/17/22 22:51,0,128.223.223.172,100,1672,1,4/17/22 22:51,R_2sbUj4h4wULS5uU,,,,,45.5033,-122.7744,anonymous,EN,,F_3iCpVmUthWkDf2J,signature.png,8758,image/png,d13_01,18,3,3,5,1,4,4,5,3,5,4,3,5,3,5,4,5,4,4,4,5,2,2,4,1,3,5,4,4,4,3,2,4,4,1,4,5,3,2,4,4,2,3,4,5,2,3,4,4,5,4,2,5,4,4,4,3,5,4,2,5,2,3,3,5,4,2,4,4,3,5,2,5,4,4,4,3,5,4,4,3,3,4,1,4,4,3,3,5,5,4,3,4,3,3,5,4,3,4,3,4,3,1,2,3,1,1,1,1,2,1,1,5,5,5,5,5,4,2,3,4,4,2,1,2,1,1,4,2,1,3,2,4,2,3,3,2,4,3,3,1,1,1,2,2,1,2,1,2,2,~7 months,14,2,1,4,5,1,4,5,3,1,2,3,4,3,4,5,4,4,3,1,5,3,1,3,5,4,3,5,3,2,1,2,1,1,1,2,5,4,3,4,3,3,1,3,5,5,3,2,4,3,2,5,4,3,3,3,4,5,1,5,5,3,2,2,3,4,5,1,3,4,1,5,2,1,1,1,1,2,3,2,4,4,4,4,2,2,3,4,3,2,2,5,1,4,4,4,3,3,4,3,4,5,
4/18/22 11:20,4/18/22 11:50,0,128.223.223.181,100,1799,1,4/18/22 11:50,R_yV0hgVIuWFyiTYJ,,,,,45.5033,-122.7744,anonymous,EN,,F_3IaTVgQ5H8JxmBD,signature.png,5153,image/png,d09_01,21,2,3,5,4,2,5,2,4,5,3,1,1,2,1,2,3,4,4,5,5,1,4,4,2,2,5,5,5,5,4,4,2,2,1,5,4,1,1,1,5,1,5,5,5,2,5,4,5,5,5,1,5,4,4,4,4,3,3,2,1,5,4,2,3,3,2,2,3,3,2,1,3,2,5,1,1,2,1,2,5,1,2,1,1,1,5,4,3,2,1,2,4,4,4,4,4,4,4,4,4,4,1,2,1,1,1,1,2,1,1,1,5,6,6,5,5,4,4,2,4,4,1,1,1,1,1,1,1,1,1,1,1,1,1,1,1,1,1,1,2,1,1,1,1,1,1,1,2,1,7 months,11,2,2,4,5,2,4,5,2,1,1,1,1,3,5,5,5,4,2,1,4,5,3,2,5,5,2,5,4,1,1,1,3,1,1,4,5,4,1,4,4,1,1,4,5,5,4,3,4,4,2,4,4,4,2,2,4,4,4,4,4,2,4,4,4,5,4,4,3,4,2,4,4,4,3,1,2,1,1,1,5,5,4,4,2,4,4,4,4,3,4,5,4,5,3,4,4,4,4,3,3,3,
4/18/22 13:03,4/18/22 13:28,0,73.37.16.49,100,1486,1,4/18/22 13:28,R_PXVciNy77e7dxmx,,,,,44.0991,-123.1371,anonymous,EN,,F_2vhS0j3p79hqyHj,signature.png,15246,image/png,d09_02,21,2,2,5,4,4,4,2,4,5,3,2,3,3,1,2,4,4,4,4,2,3,4,3,2,3,5,4,2,5,2,3,2,2,2,4,3,4,2,4,4,4,4,4,4,4,3,3,5,2,4,3,4,4,4,4,2,3,1,4,4,4,2,1,3,3,2,1,2,3,4,3,2,2,4,2,3,4,2,3,3,2,4,4,2,3,2,4,3,3,1,3,3,4,4,4,4,4,4,4,4,4,2,3,3,2,2,2,2,2,2,1,3,3,5,4,4,4,3,3,4,4,2,2,2,2,1,2,3,1,1,2,4,2,4,3,2,2,3,3,3,1,1,3,3,2,3,1,1,3,0 years 8 months,11,2,2,4,4,3,4,4,2,2,2,2,1,4,2,4,4,4,4,4,4,4,2,4,4,4,4,4,2,4,4,2,2,1,2,4,5,4,2,5,4,1,2,4,5,4,4,2,4,4,4,4,4,4,2,2,3,5,2,4,4,3,3,4,3,4,4,4,4,4,3,2,4,4,1,1,1,1,4,1,4,4,3,3,2,3,4,4,2,4,4,4,4,5,5,4,4,4,4,4,5,4,
4/11/22 12:55,4/11/22 12:56,0,73.96.126.74,2,23,0,4/18/22 13:35,R_tPBHIbbOx14PLsR,,,,,,,anonymous,EN,,F_8qaN4MrLbNKK5Vf,signature.png,9506,image/png,d05_02,21,,,,,,,,,,,,,,,,,,,,,,,,,,,,,,,,,,,,,,,,,,,,,,,,,,,,,,,,,,,,,,,,,,,,,,,,,,,,,,,,,,,,,,,,,,,,,,,,,,,,,,,,,,,,,,,,,,,,,,,,,,,,,,,,,,,,,,,,,,,,,,,,,,,,,,,,,,,,,,,,,,,,,,,,,,,,,,,,,,,,,,,,,,,,,,,,,,,,,,,,,,,,,,,,,,,,,,,,,,,,,,,,,,,,,,,,,,,,,,,,,,,,,,,,,,,,,
4/18/22 12:31,4/18/22 13:22,0,128.223.223.34,100,3040,0,4/18/22 13:45,R_3JIg6MlLGcZfYiw,,,,,,,anonymous,EN,,F_1kXJZneVuF4Zmvp,signature.png,6285,image/png,d12_01,22,2,2,5,1,4,4,4,5,5,4,1,4,2,1,4,3,4,4,3,5,2,2,2,1,2,5,5,4,5,1,2,1,2,2,5,4,1,2,4,5,2,5,4,5,1,4,4,4,3,4,4,5,4,4,4,2,2,1,3,2,5,3,1,2,4,1,5,1,4,1,1,2,2,1,1,4,3,4,2,2,2,4,3,1,2,2,4,3,2,3,2,4,5,4,4,4,5,4,5,5,5,1,1,2,1,1,1,1,1,1,2,2,2,5,6,5,5,3,2,5,3,1,1,1,1,1,2,2,1,1,1,2,2,1,1,1,2,1,2,1,1,1,2,1,1,2,1,1,2,1 year 6 months,13,2,1,2,5,1,2,3,4,2,1,1,2,5,5,5,5,4,5,1,4,5,3,2,5,5,4,4,1,1,1,1,2,3,4,5,5,2,2,4,5,2,2,4,5,4,2,2,3,2,3,5,5,2,2,4,2,5,1,5,5,2,3,4,2,3,5,2,5,5,1,5,1,2,1,1,1,3,2,2,5,5,2,4,1,3,2,3,1,2,1,4,2,4,4,4,4,4,5,4,5,5,
4/12/22 13:35,4/12/22 13:36,0,128.223.223.160,1,11,0,4/19/22 13:36,R_25yo3ccXZ5q0qRk,,,,,,,anonymous,EN,,,,,,,,,,,,,,,,,,,,,,,,,,,,,,,,,,,,,,,,,,,,,,,,,,,,,,,,,,,,,,,,,,,,,,,,,,,,,,,,,,,,,,,,,,,,,,,,,,,,,,,,,,,,,,,,,,,,,,,,,,,,,,,,,,,,,,,,,,,,,,,,,,,,,,,,,,,,,,,,,,,,,,,,,,,,,,,,,,,,,,,,,,,,,,,,,,,,,,,,,,,,,,,,,,,,,,,,,,,,,,,,,,,,,,,,,,,,,,,,,,,,,,,,,,,,,,,,,,,,
4/19/22 21:01,4/19/22 21:24,0,128.223.223.109,100,1396,1,4/19/22 21:24,R_3fZurBQjxTnX2GI,,,,,44.0358,-123.0576,anonymous,EN,,F_1gbYvkLO9VzEALg,signature.png,12604,image/png,d06_01,18,3,3,5,4,4,4,1,5,4,4,4,3,4,2,1,4,4,2,4,4,1,4,2,1,2,4,2,2,4,4,4,2,2,1,4,5,4,4,5,4,2,2,4,4,4,2,3,4,3,4,3,4,4,4,3,4,1,1,2,3,3,4,1,4,2,2,3,2,3,3,2,1,3,5,1,4,3,3,3,5,2,2,4,3,3,3,3,2,2,2,2,3,2,4,3,3,3,3,3,2,4,1,2,1,2,1,1,1,1,1,1,5,5,6,6,6,4,4,2,5,4,1,1,3,1,1,2,3,1,1,1,3,1,1,2,2,1,1,3,1,1,1,3,2,1,1,1,2,3,4 years 9 months,13,2,2,4,5,4,2,4,1,3,3,2,3,2,2,4,4,3,4,2,4,4,1,5,4,2,4,3,4,4,3,2,1,4,4,4,2,4,4,5,4,3,3,4,2,2,4,2,2,3,2,4,4,2,4,2,3,4,2,4,4,2,4,2,4,4,4,2,2,2,4,4,4,1,1,1,1,1,1,1,3,4,3,4,2,2,3,2,3,2,2,4,2,4,4,4,4,4,4,4,4,4,
4/20/22 15:03,4/20/22 16:31,0,128.223.223.206,100,5270,1,4/20/22 16:31,R_r1l9ugdiPD5MOcx,,,,,44.0683,-123.0763,anonymous,EN,,F_2B2se2iXrDHzoLL,signature.png,9153,image/png,d14_02,20,3,3,1,4,2,5,2,2,3,5,4,2,2,1,5,5,5,5,5,5,1,5,5,4,2,5,5,5,5,3,2,1,1,3,4,5,2,2,2,4,1,4,4,4,2,4,4,4,4,4,2,4,4,4,4,2,2,2,1,1,5,4,1,2,1,1,2,1,5,2,1,1,1,3,2,1,2,2,2,3,1,2,1,1,2,2,5,1,2,3,1,2,5,5,5,5,5,5,5,5,5,1,1,1,1,1,1,1,1,1,1,7,6,7,7,7,5,5,1,5,5,1,1,1,1,1,1,1,1,1,1,1,1,1,1,1,1,1,1,1,1,1,1,1,1,1,1,1,1,1 year,14,1,1,4,4,4,3,3,2,3,4,4,2,3,4,2,3,4,3,2,2,4,4,4,5,4,4,4,1,3,2,2,2,1,1,1,4,4,3,5,5,2,1,4,4,4,4,1,1,1,4,1,1,3,3,1,,5,,5,5,1,5,4,4,4,5,3,4,5,1,5,1,1,1,1,1,1,4,1,4,2,5,2,1,1,1,1,1,1,1,1,1,3,3,3,4,4,4,2,4,4,
4/20/22 21:50,4/20/22 22:30,0,216.106.151.65,100,2386,1,4/20/22 22:30,R_1JQLUjwGT1skZWN,,,,,44.0683,-123.0763,anonymous,EN,,F_3KUyqNMNrRg3LwD,signature.png,12002,image/png,d14_01,20,3,3,2,1,2,3,4,4,5,4,5,5,4,3,4,2,5,4,4,2,4,2,4,2,2,5,3,3,4,3,4,4,2,1,1,4,5,4,2,2,4,2,3,1,2,3,1,1,2,1,4,2,4,4,4,3,3,3,3,2,4,2,2,2,2,2,4,5,2,3,5,2,3,3,1,3,3,3,4,4,3,3,2,1,2,3,4,3,3,2,2,3,4,3,2,3,4,3,4,4,4,1,1,1,1,3,1,2,1,1,1,6,3,5,5,6,3,3,4,4,3,1,1,1,3,2,1,3,2,1,1,1,3,1,3,3,1,3,4,3,1,1,2,3,4,3,2,1,4,0 years 7 months,14,1,1,1,4,1,4,3,5,4,1,3,3,4,4,5,5,5,5,2,5,4,2,2,5,5,4,5,4,2,1,1,2,1,1,1,5,5,1,5,4,2,1,1,5,5,5,1,3,1,3,5,5,4,2,2,5,5,1,5,5,1,5,3,5,4,5,3,4,5,1,5,1,1,1,1,1,1,4,1,4,3,3,3,1,3,2,3,3,2,1,3,3,4,3,2,4,4,3,2,4,3,
4/18/22 18:02,4/18/22 18:02,0,174.204.203.172,1,13,0,4/25/22 18:02,R_1et3G3zHX8QGIDa,,,,,,,anonymous,EN,,,,,,,,,,,,,,,,,,,,,,,,,,,,,,,,,,,,,,,,,,,,,,,,,,,,,,,,,,,,,,,,,,,,,,,,,,,,,,,,,,,,,,,,,,,,,,,,,,,,,,,,,,,,,,,,,,,,,,,,,,,,,,,,,,,,,,,,,,,,,,,,,,,,,,,,,,,,,,,,,,,,,,,,,,,,,,,,,,,,,,,,,,,,,,,,,,,,,,,,,,,,,,,,,,,,,,,,,,,,,,,,,,,,,,,,,,,,,,,,,,,,,,,,,,,,,,,,,,,,
5/2/22 11:10,5/2/22 11:43,0,76.115.240.207,100,1982,1,5/2/22 11:43,R_2aPpsF8Os4eQX7n,,,,,44.0197,-123.1008,anonymous,EN,,F_snxUtU0hPu0tniN,signature.png,16297,image/png,d15_02,33,3,3,5,4,4,4,1,5,5,4,4,4,4,1,2,4,4,4,3,3,1,5,4,2,1,5,5,4,5,4,4,3,4,2,3,4,4,1,2,5,2,4,4,5,3,4,3,3,4,4,1,4,4,4,3,4,3,4,5,4,4,2,4,4,4,2,3,3,3,4,5,4,5,5,3,3,4,3,4,4,4,5,3,2,3,5,3,4,4,3,3,4,4,3,3,3,3,3,3,3,3,1,2,2,1,2,2,2,1,1,1,2,4,5,4,4,3,3,3,4,2,3,3,3,3,3,3,4,2,3,3,4,4,4,4,3,3,4,4,3,1,2,3,4,3,3,2,4,4,7 years 7 months ,10,2,2,2,4,4,4,5,4,1,1,4,4,5,2,4,4,4,5,1,4,4,1,3,5,5,5,4,4,3,4,4,1,4,4,4,4,4,4,4,4,4,4,4,4,4,4,4,5,4,4,3,3,4,2,3,4,4,2,4,4,2,4,4,3,4,4,4,2,4,4,2,3,5,5,5,5,2,2,3,3,4,3,5,3,4,4,5,4,5,4,5,4,5,5,4,4,5,5,2,4,4,
5/2/22 11:34,5/2/22 12:43,0,76.115.240.207,100,4111,1,5/2/22 12:43,R_3JLB6AKnUrDOkAz,,,,,44.0197,-123.1008,anonymous,EN,,F_3nMMBQOM6QvYk1O,signature.png,7047,image/png,d15_01,27,2,2,5,4,3,4,1,2,5,4,4,4,4,3,4,2,3,2,4,3,4,5,4,1,3,4,2,4,4,4,5,5,5,1,4,3,5,4,3,4,3,5,4,4,3,4,2,5,3,5,2,3,4,4,4,2,3,3,3,3,2,3,5,4,2,2,3,4,3,3,5,2,4,3,4,2,3,2,3,3,4,3,4,3,3,2,4,4,3,4,5,4,4,4,3,3,3,3,4,4,5,1,1,1,1,1,1,2,1,1,1,3,3,4,5,3,2,3,4,4,2,2,1,1,3,2,3,3,2,2,3,4,3,1,1,2,2,3,3,3,2,1,2,1,1,3,1,2,3,7 years 6 months,10,2,2,3,5,1,5,5,4,1,1,5,1,3,3,5,2,5,4,1,5,3,1,2,5,3,1,5,3,3,1,4,2,5,5,5,5,4,2,5,5,3,4,5,5,5,4,4,5,4,4,3,2,5,1,3,3,4,4,5,5,5,5,5,1,5,5,4,2,5,5,4,3,5,5,5,5,1,1,2,4,4,4,5,3,4,3,5,5,4,3,5,3,5,5,5,5,5,5,5,5,4,
5/12/22 15:54,5/12/22 16:47,0,73.67.173.195,100,3144,1,5/12/22 16:47,R_1dyQhOz1q8VY1k2,,,,,44.0645,-123.1461,anonymous,EN,,F_2wubZOyEmNiQJZz,signature.png,11140,image/png,d16_01,21,2,2,5,5,4,5,4,5,5,4,3,3,3,2,4,3,3,2,3,4,1,2,4,1,3,4,4,4,4,2,3,3,4,2,4,3,3,4,2,4,2,4,3,4,2,2,2,4,4,4,1,,3,3,2,4,3,2,3,2,2,4,3,5,2,2,4,3,4,3,3,3,1,4,3,3,2,2,2,4,4,3,2,4,1,5,4,4,2,4,3,4,4,3,3,4,3,3,2,4,3,4,4,1,4,5,3,3,1,3,2,4,2,4,6,6,2,3,3,4,3,4,4,3,3,4,1,5,3,3,3,2,5,1,1,5,2,4,5,5,3,2,1,1,2,2,1,1,4,2 years ,13,2,1,1,5,4,3,4,3,2,3,3,1,5,5,4,4,4,5,1,2,5,4,3,5,5,4,4,2,1,3,1,2,2,4,5,3,3,2,4,4,3,2,3,3,1,4,3,4,2,4,4,4,3,2,2,4,5,2,4,3,3,3,3,2,4,3,4,3,4,4,3,2,1,1,1,1,1,2,1,3,4,3,3,2,4,4,4,3,2,2,4,4,3,4,4,4,4,3,3,5,4,
5/13/22 20:25,5/13/22 21:10,0,107.77.205.166,100,2716,1,5/13/22 21:10,R_3G0yHLdqMtJhf84,,,,,45.5248,-122.6789,anonymous,EN,,F_3ndBPJjp5IOJJVZ,signature.png,11249,image/png,d16_02,24,2,2,5,4,2,4,4,2,4,3,4,2,4,2,4,5,4,4,2,4,1,4,4,1,5,4,4,5,4,3,3,5,2,1,5,4,3,2,2,5,2,4,4,4,2,5,5,4,4,5,3,4,3,3,3,4,1,2,3,3,2,3,1,3,2,2,2,3,3,2,1,3,2,3,2,1,2,2,3,2,2,3,4,2,3,2,4,2,2,3,2,2,4,3,4,4,4,4,3,4,3,1,2,1,1,1,1,2,1,1,1,3,2,6,5,4,4,3,3,4,3,1,1,1,2,1,2,2,1,2,1,2,1,1,2,1,2,2,1,1,1,1,1,1,1,2,1,2,1,20 months?,13,2,2,2,5,4,2,5,3,2,1,3,1,4,5,5,5,5,5,1,4,4,1,3,5,5,4,5,1,1,3,2,1,1,3,5,4,4,3,5,5,2,2,4,4,1,4,3,4,4,3,5,4,4,2,4,4,5,1,5,5,2,3,4,2,5,4,4,3,3,5,5,5,1,1,1,1,1,1,1,3,5,5,4,1,2,3,4,3,2,3,5,3,4,4,5,4,5,4,4,5,5,
5/13/22 21:11,5/13/22 21:11,0,107.77.205.166,1,6,0,5/20/22 21:11,R_3gSKNAHh95k9Spc,,,,,,,anonymous,EN,,,,,,,,,,,,,,,,,,,,,,,,,,,,,,,,,,,,,,,,,,,,,,,,,,,,,,,,,,,,,,,,,,,,,,,,,,,,,,,,,,,,,,,,,,,,,,,,,,,,,,,,,,,,,,,,,,,,,,,,,,,,,,,,,,,,,,,,,,,,,,,,,,,,,,,,,,,,,,,,,,,,,,,,,,,,,,,,,,,,,,,,,,,,,,,,,,,,,,,,,,,,,,,,,,,,,,,,,,,,,,,,,,,,,,,,,,,,,,,,,,,,,,,,,,,,,,,,,,,,
7/27/22 20:26,7/27/22 21:07,0,67.189.46.77,100,2488,1,7/27/22 21:07,R_1X4JBStbwSXlthD,,,,,44.0645,-123.1461,anonymous,EN,,F_5pVybe4OsDhvd4t,signature.png,6465,image/png,d17_01,22,2,2,5,4,1,5,1,5,5,4,2,3,4,5,4,2,5,3,4,5,1,5,2,1,2,5,4,5,4,1,4,3,2,2,4,5,2,2,3,4,2,4,3,4,3,4,4,5,3,5,1,3,4,4,2,4,3,2,3,4,3,3,3,3,2,3,2,1,3,4,2,3,3,3,4,3,4,3,2,2,4,4,3,3,4,3,4,4,4,3,2,2,4,4,4,4,4,3,4,4,3,2,3,1,1,1,1,2,1,1,1,6,4,6,5,6,5,4,3,5,4,2,1,1,2,1,2,3,2,1,2,1,2,2,1,2,3,1,4,1,1,1,1,4,2,3,1,1,3,2 months,14,1,1,1,5,2,3,5,4,1,1,3,2,4,2,4,4,5,5,1,4,3,2,3,4,5,4,4,3,3,2,1,1,1,2,4,5,4,3,5,2,3,1,2,5,4,4,1,1,3,3,4,5,3,4,4,2,5,3,4,2,2,4,4,2,3,5,3,3,4,2,1,3,1,1,1,1,2,3,1,4,3,1,2,2,2,2,3,4,2,2,4,2,3,5,4,3,4,4,4,5,5,
7/27/22 23:14,7/27/22 23:44,0,73.11.116.103,100,1810,1,7/27/22 23:44,R_1ddeSCWlGGOugaI,,,,,45.3378,-122.5724,anonymous,EN,,F_3fj8VSeHFOEW9bR,signature.png,13573,image/png,d18_02,22,2,2,5,4,1,5,4,4,4,4,4,4,4,2,4,4,4,4,4,5,4,3,3,3,2,4,3,4,3,2,4,4,5,2,5,5,4,2,4,4,2,4,4,4,4,5,3,3,3,4,4,4,4,4,4,3,2,3,2,4,4,4,2,4,4,2,3,2,5,2,3,2,2,3,2,2,3,3,1,3,3,4,3,2,2,3,4,2,3,1,1,1,4,4,4,4,4,3,4,4,4,1,2,2,1,1,1,1,1,2,2,4,3,6,6,5,4,4,2,4,4,1,2,1,1,2,2,2,1,1,1,1,2,3,2,1,1,2,2,2,1,1,3,2,2,2,1,1,2,2 years 10 months,14,1,1,3,5,1,4,4,5,1,1,4,2,4,5,5,5,4,4,1,5,5,2,2,5,5,5,5,4,2,2,2,1,2,2,5,4,4,3,4,4,3,2,4,4,4,4,3,3,4,3,5,5,1,2,3,3,4,3,5,2,3,3,4,4,4,4,4,4,5,1,3,2,1,1,1,1,1,2,2,5,4,5,4,2,2,2,4,4,3,2,4,2,4,4,3,4,4,4,3,4,4,
7/28/22 14:35,7/28/22 15:17,0,184.171.60.93,100,2511,1,7/28/22 15:17,R_UhIpSOiIKy6g2T7,,,,,44.0197,-123.1008,anonymous,EN,,F_2TWZrNd5s7Zcd5A,signature.png,14559,image/png,d17_02,29,2,2,5,4,2,5,4,5,5,4,1,3,3,2,4,4,4,4,4,4,1,3,2,2,3,5,4,4,5,3,2,2,4,2,5,5,4,2,3,5,2,5,5,5,2,3,4,4,4,5,1,5,5,5,4,4,3,3,3,3,3,2,2,3,3,2,3,2,3,3,3,3,4,2,2,4,3,3,2,2,3,3,3,3,2,2,3,3,3,3,3,2,3,3,3,3,3,3,3,3,3,1,2,1,2,3,1,2,1,1,1,4,5,4,6,5,4,3,2,4,3,2,2,1,2,3,3,3,2,1,2,1,2,2,2,2,3,1,4,3,1,1,1,1,1,3,1,1,2,1-2 months,14,1,1,2,5,2,3,5,3,1,3,3,1,5,5,5,5,4,5,1,4,5,2,3,5,4,4,5,2,2,1,2,1,1,1,2,4,2,3,4,2,3,1,1,3,2,2,1,1,2,3,5,5,2,4,1,5,5,1,5,5,1,5,1,3,2,5,1,3,3,1,5,1,1,1,1,1,1,1,1,3,2,3,3,1,1,1,2,3,1,2,3,1,4,4,4,3,4,4,4,4,4,
7/28/22 16:57,7/28/22 17:30,0,73.25.3.27,100,1978,0,7/28/22 17:41,R_1gekVAmO32pvCn2,,,,,,,anonymous,EN,,F_YYwXr9Rd8tzlI9X,signature.png,21743,image/png,d20_01,22,3,3,5,4,3,5,1,4,5,4,1,2,2,2,4,5,5,5,5,4,1,5,4,1,3,5,5,4,4,1,2,1,3,1,4,5,2,2,2,5,2,4,4,5,1,5,4,4,5,4,1,5,3,4,3,3,3,2,2,4,3,2,1,2,2,3,2,2,3,3,4,2,4,5,1,4,4,1,4,5,1,4,3,3,5,5,4,3,5,2,5,5,4,4,3,3,4,3,3,3,2,1,2,2,1,2,2,2,1,1,1,5,6,5,3,5,4,4,3,4,3,1,1,1,2,2,1,3,1,1,1,2,1,2,2,2,1,2,2,3,1,1,3,1,1,1,1,1,2,0 years 1.5 months,14,1,1,2,5,1,2,3,3,1,1,3,1,4,5,5,4,5,5,1,5,4,2,3,5,5,5,5,1,1,1,2,1,1,1,1,4,3,2,4,4,2,1,2,3,2,3,1,2,2,3,5,5,2,2,1,5,5,1,5,5,1,5,4,2,4,5,2,4,5,1,5,5,1,1,1,1,1,1,1,4,3,4,3,1,1,1,3,3,1,1,4,2,4,5,5,4,5,2,4,4,5,
7/28/22 15:59,7/28/22 18:10,0,67.171.169.208,100,7893,1,7/28/22 18:10,R_3CVpi7J109dN5w1,,,,,45.3102,-122.967,anonymous,EN,,F_2RQtxLpiqdZoRCa,signature.png,10934,image/png,d18_01,21,2,2,5,4,2,4,2,5,4,4,2,5,3,1,3,5,4,4,4,3,3,4,4,4,2,4,3,2,5,2,,2,2,2,3,4,4,2,3,4,5,3,4,4,2,2,4,4,4,4,1,4,4,4,4,4,5,2,4,5,4,1,3,4,3,2,1,2,4,3,4,2,5,5,3,5,5,1,5,3,3,5,3,2,5,2,4,5,4,1,5,4,5,4,4,4,4,4,4,4,4,2,4,5,2,1,2,3,4,2,4,4,3,5,3,4,4,3,4,4,2,3,2,3,1,1,5,3,1,2,4,4,3,2,4,2,1,2,4,2,1,2,3,2,1,4,2,2,3,2 years 10 months,14,2,2,1,4,2,2,2,4,4,3,2,4,5,2,4,2,4,5,4,2,3,2,2,2,5,5,4,1,4,4,4,2,4,4,5,5,5,3,4,5,3,2,4,5,4,4,2,3,5,4,2,2,4,2,4,2,5,4,2,4,2,2,4,2,4,3,4,4,4,3,2,4,4,1,1,1,4,3,4,3,3,3,4,1,2,2,4,2,2,1,4,3,4,4,4,4,4,4,3,4,4,
7/31/22 17:57,7/31/22 18:30,0,67.170.151.169,100,1984,0,8/1/22 10:23,R_3HjMEJyp1mQFD42,,,,,,,anonymous,EN,,F_21pszXoaAtzKEcE,signature.png,18759,image/png,d26_01,23,3,3,5,4,1,5,4,4,5,3,1,4,2,3,5,5,5,5,1,5,1,4,4,2,4,5,2,5,2,3,2,5,1,5,3,5,2,1,2,3,2,4,4,2,3,4,3,2,4,4,1,3,2,2,2,4,3,2,3,4,4,4,1,1,2,3,4,5,3,4,2,2,4,4,1,2,3,2,4,3,1,4,3,3,4,1,4,3,4,4,5,2,2,4,4,4,4,4,3,3,5,1,1,2,1,1,1,1,1,1,1,5,6,7,6,6,5,4,2,4,4,1,1,1,1,1,1,2,1,1,1,1,1,1,1,1,1,2,1,1,1,1,3,1,1,1,1,1,1,"0 years, almost 2 months",14,1,1,2,5,2,3,3,5,1,3,3,2,4,4,4,3,4,5,2,4,3,3,2,5,4,4,4,3,2,3,3,3,1,1,4,5,3,2,5,4,2,1,3,4,2,4,1,3,3,2,5,5,2,3,1,5,5,1,5,5,1,3,1,5,4,5,1,3,5,1,5,1,1,1,1,1,1,3,1,4,5,5,4,1,3,2,3,4,1,1,5,5,4,4,4,2,4,4,4,5,5,
8/1/22 14:18,8/1/22 15:24,0,67.170.151.29,100,3959,1,8/1/22 15:24,R_yUsvnpMLfUH1IAN,,,,,44.1449,-123.0491,anonymous,EN,,F_2dLK5BLKGT8a0tI,signature.png,7879,image/png,d21_02,23,2,2,5,4,5,4,1,5,5,1,4,2,2,2,1,2,4,5,2,1,1,5,3,1,4,4,4,2,4,5,4,2,1,1,4,2,5,2,4,2,1,2,3,3,2,2,3,5,3,4,3,1,2,2,3,1,3,3,4,5,4,2,2,4,5,2,3,2,3,5,3,4,5,3,5,4,5,1,5,3,4,5,5,1,5,3,3,4,4,2,5,2,5,4,4,4,5,4,3,4,5,2,3,2,2,3,3,3,2,2,3,4,3,5,4,3,4,1,5,4,2,3,2,1,4,3,2,1,1,4,2,5,3,3,4,3,2,3,4,3,1,1,3,3,3,3,3,3,2,0 years 2 months,15,1,1,2,5,1,4,5,4,2,1,3,3,4,3,4,4,3,5,1,4,5,1,1,4,5,5,5,1,4,2,2,1,1,1,5,4,4,3,4,4,3,1,4,4,2,4,1,1,2,3,5,5,1,5,1,5,5,1,5,5,1,5,4,5,4,5,2,4,5,1,5,1,1,1,1,1,1,3,1,3,1,5,2,1,1,1,1,4,1,1,5,1,4,4,2,2,4,4,2,3,5,
8/1/22 16:26,8/1/22 16:54,0,128.223.223.185,100,1676,1,8/1/22 16:54,R_3kumy8IAeCo13QC,,,,,44.0683,-123.0763,anonymous,EN,,F_31FX3UCvtO1fdBH,signature.png,7430,image/png,d22_02,22,2,2,1,5,5,4,3,4,4,3,2,5,4,1,2,5,4,4,3,2,2,3,4,3,3,5,5,4,3,5,5,5,4,3,4,5,5,1,4,4,4,4,4,4,1,3,3,4,3,5,5,3,4,4,4,3,3,4,2,3,5,1,2,1,5,4,2,3,2,4,4,5,2,5,3,1,5,2,4,4,2,3,1,2,5,5,2,5,1,3,4,1,3,4,3,3,2,3,2,3,2,1,1,1,1,1,5,5,1,2,1,4,5,3,2,5,3,3,5,3,3,1,2,1,5,3,2,2,2,4,3,4,2,2,1,2,1,2,3,2,1,1,1,2,5,2,4,1,2,2 weeks,15,1,1,4,3,2,3,4,3,2,3,3,3,4,3,3,4,3,4,2,4,3,3,3,4,4,4,3,3,3,3,3,3,1,1,1,1,1,1,2,1,3,2,1,4,3,3,1,1,1,1,4,4,1,4,2,4,4,2,4,4,2,4,2,4,2,4,2,2,4,2,4,1,1,1,1,1,1,1,1,3,1,1,1,1,1,1,1,1,1,1,3,1,3,3,3,3,3,3,3,3,3,
8/1/22 16:20,8/1/22 17:00,0,128.223.223.104,100,2424,1,8/1/22 17:00,R_3O2hujRfsQnlXHK,,,,,44.0683,-123.0763,anonymous,EN,,F_2fx2tXcAVuHmdE1,signature.png,10608,image/png,d22_01,21,2,2,1,4,3,4,3,3,4,4,2,3,3,2,4,4,4,3,4,3,2,5,4,2,2,4,4,4,4,2,2,3,4,2,4,4,3,2,3,3,3,4,4,4,3,3,3,3,4,4,3,4,3,3,3,3,3,3,3,3,3,4,2,2,2,2,2,2,4,2,3,1,2,3,2,2,2,2,1,2,3,4,3,3,3,3,3,2,3,2,3,2,4,3,3,3,3,3,3,3,3,3,3,3,3,3,3,3,3,3,3,4,4,4,4,4,3,3,3,3,3,3,3,3,3,2,3,3,2,2,2,2,3,3,3,4,3,3,3,3,3,3,3,3,3,3,3,3,3,2 weeks,15,1,1,4,3,3,3,3,3,3,3,3,3,3,3,3,3,3,3,3,3,3,3,3,4,3,3,3,4,3,3,3,3,2,2,2,4,3,3,3,3,3,3,3,3,3,3,3,3,3,3,3,3,3,3,3,3,3,3,3,3,3,3,3,3,3,3,2,2,4,1,4,1,1,1,1,2,2,2,1,3,2,2,2,2,2,2,2,3,3,2,2,2,3,3,3,3,3,3,3,3,4,
8/2/22 12:32,8/2/22 13:06,0,216.106.151.65,100,2049,1,8/2/22 13:06,R_cvB3GmwxgDk7avL,,,,,44.0683,-123.0763,anonymous,EN,,F_3R3lw6uJkyf4EkU,signature.png,14256,image/png,d23_02,20,3,3,5,4,4,5,1,3,4,4,2,2,2,2,5,5,5,4,4,5,1,5,4,3,2,5,5,5,2,2,2,1,2,2,4,3,1,1,1,4,2,5,4,4,2,4,5,5,5,4,1,5,4,3,2,2,2,3,2,1,4,4,1,3,2,1,3,1,5,2,2,4,3,3,1,3,3,2,5,2,3,4,3,1,3,1,4,1,3,2,3,2,4,5,3,3,5,4,4,3,5,1,2,2,1,1,1,1,2,1,1,3,5,6,6,6,4,4,2,4,4,2,1,1,1,2,3,3,1,1,1,1,1,1,2,1,1,1,3,1,1,1,1,3,1,1,1,1,3,5 years 11 months ,13,2,2,1,5,1,3,2,5,3,3,2,2,5,5,5,4,4,5,3,4,4,2,2,4,4,5,4,2,4,2,4,2,5,5,5,5,4,2,4,4,1,5,5,5,5,4,1,3,2,2,4,4,4,2,2,4,4,2,4,4,2,4,2,2,4,4,4,4,4,2,4,4,1,1,1,1,1,1,1,4,4,2,5,2,4,4,2,2,3,2,3,3,4,3,2,4,4,4,4,5,2,
8/2/22 19:26,8/2/22 19:51,0,63.155.10.231,100,1466,1,8/2/22 19:51,R_3ml2CsCLxFVmiUB,,,,,44.0645,-123.1461,anonymous,EN,,F_2VsC3r383ec3MqZ,signature.png,15005,image/png,d21_01,26,2,2,5,4,1,4,1,2,5,5,3,2,2,4,4,4,5,5,4,5,1,5,5,1,2,5,5,5,5,2,4,2,2,1,5,4,5,1,3,5,2,5,5,5,2,5,5,5,5,5,2,5,5,4,5,3,2,2,1,3,4,4,1,2,2,1,3,1,4,2,1,2,2,2,1,1,2,1,2,1,2,2,1,2,3,1,4,2,2,2,3,2,4,4,5,5,5,5,5,5,5,1,2,2,1,2,1,2,1,1,1,4,4,6,7,6,4,4,2,4,2,2,1,2,2,1,2,3,1,3,2,3,2,2,3,2,1,2,3,2,1,1,3,3,1,2,1,1,3,"0 years, 2 months",15,1,1,4,5,1,3,2,2,1,2,3,2,3,4,5,5,3,2,2,4,4,2,4,4,5,4,4,3,2,2,2,2,1,1,4,4,2,2,4,4,3,1,2,2,2,2,1,1,1,1,4,4,2,4,2,4,4,2,4,4,2,4,2,4,3,4,2,2,4,2,4,2,2,1,1,1,1,4,2,2,2,3,1,2,3,2,2,3,2,2,3,4,3,3,2,2,2,4,2,4,4,
8/3/22 17:53,8/3/22 18:29,0,73.96.128.164,100,2135,1,8/3/22 18:29,R_1dtpxmsRCiqbn6x,,,,,44.0683,-123.0763,anonymous,EN,,F_5tgAZGg3yUXYGVX,signature.png,7328,image/png,d24_02,20,3,3,5,4,5,5,2,5,5,2,2,4,4,1,3,4,5,3,4,4,1,4,2,2,3,5,4,2,4,4,2,1,2,2,5,5,5,1,2,4,1,5,4,5,1,5,4,5,5,4,1,4,4,4,4,5,4,4,5,5,3,2,1,5,5,4,4,2,3,4,5,4,3,4,2,5,5,4,4,3,3,4,5,3,4,3,2,5,5,5,3,3,4,3,3,3,4,4,3,4,3,1,3,2,1,3,3,2,3,1,2,3,2,5,5,4,4,3,4,4,3,1,2,1,2,1,4,2,1,1,1,3,1,1,2,1,2,3,3,2,1,1,1,1,1,2,1,1,2,0 years 10 months,1,1,1,1,5,1,2,5,5,1,1,2,1,4,5,5,5,5,5,1,5,5,1,1,5,5,5,5,2,1,1,1,1,2,2,1,5,3,2,4,1,2,1,1,4,3,4,1,3,1,1,1,1,3,3,1,4,5,1,5,5,1,5,3,2,3,5,1,1,5,1,5,3,1,1,1,1,1,1,1,4,3,4,2,1,2,1,3,2,1,1,4,1,3,4,5,4,4,4,5,4,5,
8/3/22 18:36,8/3/22 19:35,0,71.236.241.121,100,3535,1,8/3/22 19:35,R_2uKfPR8JdzjsEjw,,,,,44.0645,-123.1461,anonymous,EN,,F_vwvkspuIxNvZ90R,signature.png,11593,image/png,d24_01,21,3,3,5,4,4,4,1,4,5,3,1,4,4,2,2,4,5,2,5,2,2,5,5,1,2,5,5,5,5,4,3,1,4,1,5,4,4,1,4,5,4,4,5,5,3,5,5,5,5,5,1,5,4,5,5,2,3,2,5,5,5,3,1,5,2,3,2,1,3,2,1,2,1,5,3,4,5,1,3,5,2,5,4,4,5,1,4,3,4,3,5,5,5,5,5,5,5,5,5,5,5,1,2,1,1,1,2,1,1,1,1,2,1,5,6,5,4,4,5,3,2,1,1,1,1,1,1,3,1,3,1,3,3,1,3,1,1,4,1,2,1,1,1,2,1,1,3,2,3,"8-10 months, not totally sure.",1,1,1,2,5,1,1,5,2,1,1,1,3,4,5,5,5,5,5,1,5,4,1,4,5,5,5,5,2,1,1,1,1,1,2,1,5,4,1,5,1,1,1,1,5,2,4,1,4,1,5,5,5,4,2,1,5,5,1,5,5,1,5,1,5,5,5,1,1,5,1,5,1,1,1,1,1,1,1,1,5,1,5,1,1,1,1,1,2,1,1,3,1,5,5,5,2,5,5,5,4,2,
8/4/22 10:20,8/4/22 10:41,0,174.204.202.244,100,1264,1,8/4/22 10:41,R_2zJgsm0zIsgdzzG,,,,,45.461,-122.7052,anonymous,EN,,F_3jUkE04IWqcjQZZ,signature.png,5474,image/png,d19_02,21,3,3,1,5,3,4,2,4,3,2,2,2,3,3,2,5,5,4,3,3,2,4,3,2,3,5,4,3,3,2,2,1,3,2,2,5,2,3,2,4,3,4,3,4,3,3,4,3,4,4,2,3,3,4,3,2,2,2,2,2,3,4,1,2,4,2,4,3,3,2,2,2,3,2,2,2,2,2,3,2,2,3,3,2,2,4,3,2,2,3,2,2,2,3,3,3,3,3,3,3,3,2,1,2,1,2,2,2,1,1,1,3,2,4,4,4,3,2,3,4,3,1,2,2,2,1,2,3,1,2,1,2,2,2,3,2,2,2,3,3,1,2,3,2,2,2,2,2,3,about 2 years,13,2,2,3,4,2,3,4,2,2,3,2,3,3,4,5,4,4,4,2,4,4,3,1,5,3,4,3,1,1,1,2,3,2,2,5,4,4,2,4,4,2,2,4,4,2,4,3,3,4,3,3,3,3,4,4,2,4,2,4,4,4,4,3,2,4,2,4,3,4,3,2,2,1,1,1,1,1,1,2,4,5,4,4,1,2,3,2,2,3,2,2,2,5,3,4,4,4,4,3,5,4,
8/4/22 14:57,8/4/22 15:25,0,128.223.223.88,100,1706,0,8/4/22 15:33,R_2XnbveWWH5h0owt,,,,,,,anonymous,EN,,F_21gmR688tosPCfC,signature.png,21147,image/png,d26_01,23,3,3,5,4,1,4,4,4,5,2,1,4,2,4,5,5,5,5,1,5,1,4,4,4,4,5,2,4,2,3,2,4,1,4,4,5,1,3,2,2,2,4,3,4,3,5,4,3,4,4,1,2,4,3,3,4,3,3,4,4,5,4,2,2,3,4,5,4,4,4,2,2,4,4,2,2,3,2,4,3,2,4,2,4,5,2,4,3,4,4,5,2,3,2,3,3,4,4,3,4,4,1,1,1,1,1,1,1,1,1,1,6,7,7,7,6,5,5,1,5,5,1,1,1,1,1,1,3,1,1,1,3,1,3,1,1,2,1,1,1,1,1,1,1,1,1,1,1,1,16 years,13,2,2,4,5,1,4,4,3,2,2,4,2,2,4,5,4,4,2,1,5,2,2,2,4,5,4,5,4,2,1,2,2,5,5,5,2,5,2,5,5,1,5,5,2,1,5,1,4,2,5,5,5,4,3,4,4,5,1,5,5,1,5,4,2,4,5,1,4,5,3,5,3,1,1,1,1,1,1,1,5,5,4,5,4,5,4,4,5,3,2,5,5,5,5,4,5,5,5,4,5,5,
8/4/22 14:57,8/4/22 16:04,0,174.204.210.25,100,4071,1,8/4/22 16:04,R_2atAMwNq2dFHzkH,,,,,45.4805,-122.6363,anonymous,EN,,F_25uBJRUBFf3yAlX,signature.png,7644,image/png,d26_02,24,3,3,5,4,4,5,2,5,5,4,1,3,4,2,2,5,5,2,5,4,1,4,1,1,1,5,3,4,4,5,1,1,5,1,5,5,4,1,2,5,1,5,5,5,1,3,5,5,5,4,1,5,5,4,3,5,2,2,3,3,4,4,1,2,2,1,1,4,4,2,4,3,2,4,1,4,3,1,2,4,2,3,3,1,2,4,4,2,5,1,1,4,5,3,4,4,5,2,3,4,3,1,2,1,1,2,1,1,2,2,1,5,5,6,6,5,4,3,3,4,4,1,2,1,2,1,1,1,1,1,2,1,3,1,1,1,1,2,2,1,1,1,1,1,1,2,1,1,1,16 years ,13,2,2,1,5,4,2,4,4,1,4,1,3,5,5,5,4,4,5,1,2,4,2,3,5,3,5,3,2,1,4,3,2,5,5,5,3,4,1,5,5,1,5,5,3,2,4,1,4,3,3,5,5,4,2,4,2,4,2,4,4,2,4,4,4,4,4,4,4,4,2,4,2,2,1,2,1,2,1,1,5,5,4,5,4,5,5,5,5,4,2,5,5,5,5,5,5,5,4,2,5,5,
8/5/22 18:19,8/6/22 11:27,0,50.220.121.253,100,61717,1,8/6/22 11:27,R_9MK1UssA238sG8F,,,,,44.0683,-123.0763,anonymous,EN,,F_3L1sAvx07A4yj97,signature.png,15131,image/png,d19_01,21,3,3,4,4,2,4,4,2,2,5,4,5,1,4,4,4,4,5,2,4,4,2,5,4,3,4,5,5,5,2,4,4,1,4,5,3,1,1,2,4,4,2,4,4,4,5,4,4,5,5,5,4,5,3,4,2,2,1,1,2,3,4,1,4,2,2,2,3,4,5,1,4,3,3,1,2,3,1,2,3,2,2,1,2,3,2,4,4,2,2,4,3,5,5,5,4,5,5,5,5,5,1,1,2,1,1,2,1,1,1,1,5,7,7,7,6,4,4,2,4,4,1,1,1,1,3,2,3,2,2,2,2,2,2,4,1,1,1,4,1,1,1,1,1,1,1,1,3,3,1 year,13,2,2,2,5,1,4,3,2,1,4,4,2,4,5,5,4,4,4,1,5,4,4,3,5,4,4,5,1,2,1,2,1,1,4,5,5,5,1,4,5,2,2,5,5,4,5,2,2,4,2,4,4,4,4,1,4,4,2,4,4,4,5,2,3,4,5,4,4,4,2,2,4,4,1,1,2,4,4,3,5,5,4,4,2,2,3,3,2,2,2,4,1,5,5,5,4,5,4,4,5,5,
8/1/22 16:54,8/1/22 16:59,0,128.223.223.185,1,296,0,8/8/22 16:59,R_2QPOZHk5Yhzt7BD,,,,,,,anonymous,EN,,,,,,,,,,,,,,,,,,,,,,,,,,,,,,,,,,,,,,,,,,,,,,,,,,,,,,,,,,,,,,,,,,,,,,,,,,,,,,,,,,,,,,,,,,,,,,,,,,,,,,,,,,,,,,,,,,,,,,,,,,,,,,,,,,,,,,,,,,,,,,,,,,,,,,,,,,,,,,,,,,,,,,,,,,,,,,,,,,,,,,,,,,,,,,,,,,,,,,,,,,,,,,,,,,,,,,,,,,,,,,,,,,,,,,,,,,,,,,,,,,,,,,,,,,,,,,,,,,,,
8/9/22 14:01,8/9/22 15:51,0,128.223.223.149,100,6565,1,8/9/22 15:51,R_2ZDBnSLH8XXSgHU,,,,,44.0683,-123.0763,anonymous,EN,,F_1MMqVWNH6dbAiMp,signature.png,16355,image/png,d25_01,24,3,3,6,4,3,5,1,5,5,5,1,2,4,1,4,4,5,3,5,5,1,5,1,1,2,5,5,5,5,1,1,2,5,1,5,5,1,2,1,5,2,5,5,5,1,1,5,5,5,5,1,5,5,5,5,4,2,2,3,4,5,4,2,3,4,1,4,4,4,5,3,4,5,5,5,2,4,3,3,3,1,3,2,2,1,2,5,4,3,1,1,3,5,5,4,5,5,4,5,5,5,1,3,3,1,3,2,3,1,3,1,7,7,7,7,7,5,5,1,5,5,2,2,2,1,2,1,3,1,1,1,2,1,2,2,2,1,1,4,2,1,2,1,3,3,1,1,1,3,2 years 6 months,10,2,2,1,5,3,5,5,5,1,5,4,1,5,5,5,5,5,5,1,4,5,1,4,5,4,5,5,4,1,1,1,1,5,5,5,5,5,1,5,5,1,4,5,5,5,5,5,5,5,5,4,5,5,3,5,5,5,1,5,5,1,5,5,5,5,5,5,5,5,1,3,3,1,5,5,5,1,1,5,5,5,3,5,1,5,5,5,4,4,5,5,5,5,5,5,5,5,5,5,5,5,
8/10/22 13:32,8/12/22 14:46,0,73.240.62.15,100,177249,0,8/12/22 15:03,R_1LB6Cdgjg7Hndpf,,,,,,,anonymous,EN,,F_tVAeVzLPSDzoRS9,signature.png,7511,image/png,d25_02,26,2,2,5,4,2,5,5,4,4,3,,5,4,1,4,5,5,5,3,5,1,4,3,2,2,5,4,5,4,4,1,2,1,2,5,5,1,2,3,5,1,5,5,5,1,5,5,5,5,5,1,5,5,5,5,2,3,2,3,3,3,4,1,1,2,3,2,1,5,3,2,,3,2,1,2,3,3,2,4,3,2,1,3,1,2,4,4,2,3,1,2,4,4,4,4,4,5,5,5,5,1,2,1,1,1,1,2,1,1,1,2,2,6,5,5,5,4,2,5,4,1,1,1,1,1,1,2,2,1,1,1,1,1,1,2,1,1,1,2,1,1,1,1,2,1,1,1,2,2 years 8 months,10,2,2,1,5,1,5,5,4,4,2,5,1,4,3,4,1,4,4,2,5,1,1,3,4,5,1,5,1,5,2,5,1,3,3,5,5,5,1,5,5,1,2,5,5,5,5,5,5,5,5,1,2,4,2,2,4,5,3,4,4,4,3,4,3,4,2,4,4,2,5,2,2,5,5,5,5,4,5,5,5,2,3,4,4,3,4,4,3,5,2,3,3,5,4,4,5,5,5,2,5,5,
8/9/22 11:53,8/9/22 21:04,0,73.11.116.103,100,33058,0,8/16/22 21:04,R_BJKdzaR2QXsMLIZ,,,,,,,anonymous,EN,,,,,,,,,,,,,,,,,,,,,,,,,,,,,,,,,,,,,,,,,,,,,,,,,,,,,,,,,,,,,,,,,,,,,,,,,,,,,,,,,,,,,,,,,,,,,,,,,,,,,,,,,,,,,,,,,,,,,,,,,,,,,,,,,,,,,,,,,,,,,,,,,,,,,,,,,,,,,2,,,,,,,,,,,,,,,,,,,,,,,,,,,,,,,,,,,,,,,,,,,,,,,,,,,,,,,,,,,,,,,,,,,,,,,,,,,,,,,,,,,,,,,,,,,,,,,,,,,,,,,
8/17/22 14:31,8/17/22 15:15,0,98.42.174.76,100,2648,1,8/17/22 15:15,R_qXucq16Qkv5PSAp,,,,,37.2599,-121.9171,anonymous,EN,,F_vHwZz8TZA6mzYv7,signature.png,11262,image/png,d27_01,21,2,2,5,1,4,4,5,4,4,2,4,4,5,2,4,5,4,2,3,4,4,2,3,2,4,5,4,2,4,1,3,4,4,2,5,4,2,2,2,2,2,4,2,4,3,4,2,4,3,4,2,2,2,4,2,2,3,2,3,4,3,4,3,3,2,2,3,1,4,2,2,3,3,2,3,4,3,3,3,2,4,5,4,3,4,4,4,4,2,4,4,2,4,3,3,4,4,3,3,4,4,1,2,1,1,1,2,1,2,1,1,1,1,2,2,2,3,4,4,4,2,2,2,1,3,1,2,3,1,1,1,1,1,2,2,3,3,3,3,3,1,1,3,1,2,3,1,3,3,10 months,13,2,1,1,5,4,5,4,4,2,2,3,2,5,4,5,4,3,5,1,2,4,2,4,5,4,4,4,1,2,2,1,1,1,2,4,4,3,4,3,4,2,2,2,4,2,3,1,2,2,2,2,5,4,4,4,2,,1,5,5,2,5,2,2,4,5,2,2,5,2,5,2,1,1,1,1,1,1,1,4,4,4,4,1,2,2,4,2,4,2,4,2,4,4,4,4,4,4,4,4,4,
8/9/22 13:01,8/12/22 0:53,0,63.155.88.123,60,215516,0,8/19/22 0:53,R_1mEIx8YuUFBNppG,,,,,,,anonymous,EN,,F_1ifktTFRRr6CRxA,signature.png,7612,image/png,d27_02,23,3,3,6,5,4,5,4,5,5,3,1,4,5,2,3,4,3,2,3,3,3,3,1,4,3,5,3,3,4,1,2,3,4,4,5,4,4,2,3,5,1,5,3,5,2,3,5,5,5,5,1,4,4,4,3,4,4,4,5,4,3,4,4,4,4,4,4,3,3,4,3,5,5,4,4,5,3,4,3,4,4,5,5,5,4,3,4,5,5,4,3,5,4,5,2,3,4,2,3,3,4,5,5,5,5,5,3,4,5,4,5,4,3,4,4,4,3,3,2,3,3,4,4,5,4,5,5,5,5,4,3,5,4,5,5,5,4,4,5,5,3,4,5,5,5,3,4,5,5,,,,,,,,,,,,,,,,,,,,,,,,,,,,,,,,,,,,,,,,,,,,,,,,,,,,,,,,,,,,,,,,,,,,,,,,,,,,,,,,,,,,,,,,,,,,,,,,,,,,,,,,
9/19/22 10:48,9/19/22 10:48,0,107.122.81.98,1,9,0,9/26/22 10:48,R_1GwCI5HkeuyrR3B,,,,,,,anonymous,EN,,,,,,,,,,,,,,,,,,,,,,,,,,,,,,,,,,,,,,,,,,,,,,,,,,,,,,,,,,,,,,,,,,,,,,,,,,,,,,,,,,,,,,,,,,,,,,,,,,,,,,,,,,,,,,,,,,,,,,,,,,,,,,,,,,,,,,,,,,,,,,,,,,,,,,,,,,,,,,,,,,,,,,,,,,,,,,,,,,,,,,,,,,,,,,,,,,,,,,,,,,,,,,,,,,,,,,,,,,,,,,,,,,,,,,,,,,,,,,,,,,,,,,,,,,,,,,,,,,,,
9/28/22 1:35,9/28/22 1:55,0,71.63.185.83,100,1200,1,9/28/22 1:55,R_3ekmLnuknLRO9eE,,,,,44.0197,-123.1008,anonymous,EN,,F_3oRUdInF7J7iMwT,signature.png,13290,image/png,d28_01,21,3,3,5,4,4,5,2,4,2,4,4,5,4,4,1,2,5,2,4,4,4,2,1,2,4,5,5,4,1,4,2,3,4,2,5,5,1,1,2,3,1,5,4,4,2,4,4,4,5,5,1,4,4,2,3,5,2,2,2,,4,4,2,3,2,3,3,1,4,3,3,2,3,1,2,4,3,4,4,1,2,2,3,3,2,1,4,2,2,1,4,4,4,3,3,4,4,3,4,4,3,1,2,1,1,1,2,1,2,1,1,2,2,6,6,5,4,4,3,4,4,1,1,1,2,1,1,3,1,1,2,3,2,3,3,3,2,2,2,2,1,1,2,3,1,3,1,1,4,3 years 0 months,13,2,2,1,4,2,5,2,5,2,2,4,4,5,4,5,2,4,5,2,4,2,4,1,5,5,3,3,1,1,2,4,2,4,4,5,5,5,1,5,5,1,5,5,5,5,5,1,4,5,5,2,4,4,1,2,1,1,2,5,1,1,1,1,4,4,5,4,5,2,2,4,5,1,1,1,1,1,1,1,5,5,2,5,2,4,4,5,4,5,2,5,5,5,5,5,5,5,5,4,5,5,
10/3/22 11:18,10/3/22 11:35,0,128.223.223.239,60,994,0,10/3/22 14:26,R_C2KRq9N9YzoBQpH,,,,,,,anonymous,EN,,F_2P220g5o27Ut3gA,signature.png,7001,image/png,d31_02,18,2,2,5,4,2,4,5,1,4,3,2,4,1,3,3,4,3,4,5,4,1,2,4,2,2,4,5,5,5,1,2,3,1,1,4,3,4,2,4,3,2,4,4,3,2,4,3,3,3,4,1,4,3,5,5,4,2,1,3,3,3,4,1,4,2,4,3,1,3,4,2,4,1,1,1,1,2,3,1,1,1,3,2,3,1,2,5,2,3,2,4,1,5,4,4,4,5,5,4,5,3,1,1,1,1,1,1,1,2,1,1,5,6,7,6,6,5,4,2,4,4,1,1,1,1,1,2,1,1,1,1,2,1,1,3,1,1,1,1,1,1,1,1,1,1,1,1,1,1,,,,,,,,,,,,,,,,,,,,,,,,,,,,,,,,,,,,,,,,,,,,,,,,,,,,,,,,,,,,,,,,,,,,,,,,,,,,,,,,,,,,,,,,,,,,,,,,,,,,,,,,
10/3/22 12:57,10/3/22 13:52,0,128.223.223.190,100,3274,0,10/3/22 14:26,R_2Eji8CY75oN08DE,,,,,,,anonymous,EN,,F_3phTk1hE9o8VlJL,signature.png,13816,image/png,d28_02,22,3,3,5,4,2,4,3,5,4,4,2,2,3,4,4,5,4,2,3,5,1,4,3,2,1,4,4,4,5,2,2,1,4,2,4,4,1,3,4,2,4,5,2,4,3,5,5,5,4,2,2,4,4,4,4,3,3,4,3,5,4,3,2,4,2,3,4,3,4,4,1,3,5,4,3,1,4,4,5,2,3,5,2,3,5,5,3,5,4,3,5,3,4,3,4,3,3,2,3,4,2,1,1,2,1,1,1,1,1,1,1,1,2,5,5,6,4,4,2,4,4,3,2,2,4,3,4,3,4,4,3,3,3,3,3,3,4,3,3,3,1,3,3,4,4,5,2,1,5,3 years,13,2,2,3,5,3,4,4,4,1,2,4,3,3,5,4,2,5,4,1,4,2,3,4,5,4,5,5,2,3,2,4,1,4,3,5,5,5,2,4,5,2,3,5,5,5,4,2,3,2,3,5,5,2,5,3,2,5,1,5,5,1,5,2,1,4,5,2,4,4,5,2,4,3,1,1,1,1,2,1,4,4,4,4,1,3,2,3,4,2,1,1,4,4,4,4,3,4,2,4,5,4,
10/3/22 15:49,10/3/22 16:26,0,98.232.228.244,100,2167,1,10/3/22 16:26,R_1mKowZdV9t45fus,,,,,44.0197,-123.1008,anonymous,EN,,F_2wplsxJEVN3UthS,signature.png,14370,image/png,d29_01,21,3,3,5,4,2,5,4,5,5,4,2,4,4,1,4,2,5,2,4,4,4,2,2,4,2,5,4,2,5,2,4,1,4,2,5,5,4,2,5,5,1,5,5,5,1,4,5,5,5,5,2,5,5,5,5,5,4,5,3,5,4,2,3,4,5,4,4,5,3,4,4,1,4,5,4,5,5,3,5,5,4,4,4,3,5,5,3,5,3,5,5,5,3,4,3,3,3,4,4,4,3,3,4,3,3,3,4,4,4,4,4,5,6,6,6,6,4,4,2,4,4,4,2,2,4,4,4,4,4,4,3,4,,4,4,4,4,4,4,4,2,4,4,4,5,4,2,2,5,9 years,14,2,1,4,5,2,4,5,5,1,4,3,1,5,5,5,5,5,5,1,5,5,1,1,5,5,5,5,1,1,1,1,1,2,4,4,4,4,2,4,2,2,4,2,3,2,4,1,3,3,3,5,5,1,2,3,4,5,1,4,4,2,5,1,4,1,5,2,3,5,1,5,1,1,1,1,1,1,1,1,4,4,3,3,2,2,2,3,3,2,2,3,4,3,4,4,3,4,4,4,4,5,
10/4/22 10:00,10/4/22 10:31,0,128.223.223.110,100,1860,1,10/4/22 10:31,R_1n1HoAABzxeYrb1,,,,,44.0683,-123.0763,anonymous,EN,,F_6WhWlRFsGnj757z,signature.png,14612,image/png,d29_02,21,3,3,5,,4,4,3,4,5,3,2,3,2,4,3,3,4,4,3,3,1,4,3,1,3,5,4,4,4,2,3,2,3,1,4,5,2,2,2,4,2,4,4,4,2,3,4,5,5,4,4,5,4,4,4,4,3,3,2,4,3,3,2,2,3,4,4,2,4,3,3,4,2,1,2,3,4,3,4,2,3,3,3,3,4,4,4,2,4,4,3,4,3,4,3,4,4,4,4,4,4,2,2,2,2,2,2,2,2,2,1,5,6,6,6,5,4,4,2,4,4,3,2,2,2,2,3,3,2,2,2,2,2,2,2,2,2,2,4,3,1,2,2,3,2,2,2,2,2,9 years,14,2,2,2,4,3,3,4,4,2,2,3,4,3,4,5,3,4,4,1,3,3,2,3,5,4,3,4,2,3,2,3,2,4,4,3,4,3,3,4,4,3,4,3,3,4,4,2,2,3,2,4,5,1,3,1,5,5,1,5,5,1,1,1,3,3,5,1,2,5,1,5,1,1,1,1,1,1,3,2,4,3,2,3,3,3,3,3,3,3,3,3,3,4,4,4,4,4,4,4,5,4,
10/3/22 15:06,10/4/22 11:24,0,128.223.223.73,100,73087,1,10/4/22 11:24,R_2aXFBbcyiMwxxgG,,,,,44.0683,-123.0763,anonymous,EN,,F_1jTYiUShrURktLv,signature.png,11124,image/png,d32_01,18,3,3,5,4,4,4,2,5,5,3,2,3,4,2,4,3,5,3,3,3,1,4,1,1,3,5,5,2,4,1,3,2,4,3,5,2,3,2,3,4,1,4,4,4,2,3,4,3,4,4,1,5,4,4,3,3,3,2,4,5,4,1,2,5,3,3,3,3,1,2,3,4,4,3,2,4,5,4,5,2,3,5,4,2,3,3,4,4,5,3,4,3,4,4,3,3,4,3,3,3,4,1,3,4,1,3,4,2,3,1,1,2,3,2,3,2,3,2,4,4,1,2,4,3,4,4,3,5,2,2,2,5,3,4,5,4,3,3,5,5,2,3,4,3,3,4,3,2,3,0 years 1 month,14,2,1,4,5,1,3,4,2,1,3,3,2,3,5,4,3,4,3,1,5,3,2,3,5,4,4,4,3,2,1,2,2,1,1,4,5,4,3,4,4,3,1,3,4,5,4,2,2,2,3,4,4,4,2,2,3,5,2,5,4,1,5,2,3,4,5,2,4,4,3,4,3,2,1,1,1,2,2,1,4,4,5,3,2,4,3,2,3,2,2,5,3,4,4,4,3,4,4,4,4,4,
10/4/22 20:59,10/4/22 21:33,0,128.223.223.139,100,2014,1,10/4/22 21:33,R_3NQWCPxEW3jP300,,,,,44.0683,-123.0763,anonymous,EN,,F_24OeDna9qp7kBCP,signature.png,15946,image/png,d32_02,18,3,3,4,4,5,5,2,4,3,2,1,4,4,4,2,2,4,2,4,3,2,4,2,2,4,5,5,4,4,5,3,2,4,2,4,5,5,4,4,2,2,4,4,4,4,3,4,4,4,4,1,2,4,2,2,4,5,5,4,5,3,2,2,4,4,3,3,5,3,4,3,5,5,5,2,5,5,1,4,4,2,4,5,3,2,4,3,4,5,4,2,5,4,4,2,1,4,2,2,2,2,2,3,3,2,4,2,3,3,2,1,5,4,6,6,6,4,4,2,4,4,2,2,2,2,2,2,2,2,2,2,2,2,2,2,2,4,3,4,2,1,1,2,2,2,3,2,3,3,0 years 3 months,13,1,1,3,5,1,2,4,2,1,1,1,2,4,5,5,4,2,4,1,5,5,2,4,5,5,5,4,1,1,1,1,2,1,1,4,5,4,4,4,2,4,1,1,5,5,4,1,4,4,4,4,2,2,2,2,4,5,1,4,4,2,4,3,2,4,4,4,4,4,4,1,2,1,1,1,1,1,2,1,4,2,4,3,2,2,2,3,2,3,3,4,4,3,4,2,2,4,4,2,5,5,
10/5/22 19:26,10/5/22 19:58,0,172.56.153.11,100,1878,0,10/6/22 10:29,R_2aKV56lcovlwi8j,,,,,,,anonymous,EN,,F_2P0dUxBKlEdo9Xu,signature.png,10199,image/png,d33_02,43,3,3,1,4,3,1,1,2,5,3,1,5,2,4,2,5,5,5,3,5,1,1,5,2,3,5,4,5,5,4,3,4,2,2,4,5,2,2,4,4,2,5,4,4,2,5,4,4,4,4,1,5,4,3,2,4,3,3,3,3,2,2,2,2,2,3,4,3,3,3,2,3,3,4,3,3,3,2,4,4,2,4,2,2,3,3,4,4,3,3,2,3,4,4,4,4,4,4,4,4,4,1,1,1,1,1,1,1,1,1,1,1,2,3,6,1,2,2,4,4,4,3,3,3,1,1,1,3,1,3,3,1,4,3,2,3,3,3,4,3,1,3,2,1,1,4,1,3,5,6 months,14,1,1,1,4,3,2,3,4,3,5,4,4,4,4,4,4,4,4,2,3,2,3,3,5,5,3,5,1,2,3,4,2,1,1,2,4,3,2,4,3,2,2,1,3,2,4,1,1,2,3,5,5,2,3,2,4,5,1,5,5,2,4,3,4,3,4,3,3,5,1,5,1,1,1,1,1,1,1,1,2,4,2,1,2,2,2,3,4,1,2,3,1,3,4,3,2,2,2,3,4,3,
10/7/22 14:20,10/7/22 15:07,0,184.171.90.228,100,2773,1,10/7/22 15:07,R_ODycV0l2pPutJgl,,,,,44.0599,-123.0205,anonymous,EN,,F_3e9M2iyuSy0zYp1,signature.png,9256,image/png,d33_01,48,2,2,5,4,3,4,3,3,5,4,4,1,4,1,3,2,4,2,4,3,2,4,3,1,3,5,4,3,5,2,4,2,4,2,4,4,3,2,3,4,2,4,4,4,2,3,4,4,3,2,2,3,3,3,3,3,2,2,3,4,3,4,2,3,4,1,2,1,3,3,3,3,3,1,2,2,3,3,2,1,4,3,3,1,2,2,4,2,3,2,4,2,4,3,4,4,4,4,4,4,4,1,2,2,1,2,1,1,2,2,2,2,3,3,3,4,3,3,4,3,2,1,1,1,2,1,1,2,1,2,2,4,3,1,3,2,1,4,3,2,1,2,1,1,2,4,2,4,4,6 months,1,2,2,3,5,4,3,4,3,2,4,2,2,3,4,3,4,2,4,1,3,4,2,3,5,5,4,4,4,2,3,3,3,1,1,1,4,3,3,4,2,2,1,1,2,1,3,1,2,3,4,4,4,5,2,2,4,5,4,4,5,1,4,4,2,4,4,4,5,4,2,4,2,2,2,2,2,3,2,2,3,4,4,4,3,3,3,4,3,3,4,5,3,4,4,4,4,4,4,3,5,4,
10/4/22 20:15,10/7/22 18:17,0,128.223.223.250,100,252107,1,10/7/22 18:17,R_VW3RYd9bNDjSPuh,,,,,44.0683,-123.0763,anonymous,EN,,F_2tioIpIj3pqVfpL,signature.png,8820,image/png,d34_01,18,3,3,5,4,2,1,1,3,4,4,4,3,2,2,4,4,5,4,3,4,2,5,3,4,3,5,3,1,3,2,2,2,2,3,5,4,3,1,2,5,1,4,5,5,2,4,4,5,3,5,2,2,4,4,4,3,2,3,4,3,3,2,4,3,1,4,2,1,3,2,2,4,5,2,4,3,3,3,5,3,5,5,2,3,5,2,3,2,2,4,5,5,3,3,4,3,3,3,3,4,3,1,2,1,1,1,4,2,2,1,1,3,2,2,3,3,3,2,4,4,3,2,3,3,4,2,4,4,1,1,1,2,2,1,2,3,4,2,4,3,1,1,1,1,1,1,1,2,4,0 years 0.5 month,13,2,1,5,4,4,4,2,4,5,3,5,2,4,2,3,2,3,4,5,2,3,2,2,3,4,2,3,2,3,4,4,2,1,1,4,5,3,3,2,1,2,1,1,5,5,2,1,2,4,3,5,2,3,1,2,4,5,1,5,3,2,4,3,2,5,5,5,3,5,3,5,4,1,1,1,1,2,2,1,4,2,3,3,1,2,3,4,3,4,3,4,3,2,2,4,2,2,4,3,5,5,
10/4/22 17:17,10/7/22 18:26,0,128.223.223.32,100,263347,1,10/7/22 18:26,R_pFpw8fEbKWangU9,,,,,44.0683,-123.0763,anonymous,EN,,F_yU4nm8RLLUajlRf,signature.png,8895,image/png,d34_02,18,3,3,1,,3,4,4,5,3,3,4,4,3,2,3,2,4,2,2,5,1,3,3,3,3,4,2,1,5,3,2,4,4,3,4,4,1,1,1,5,3,4,4,5,2,1,4,4,5,5,1,4,4,4,3,4,3,3,1,5,1,1,2,4,2,3,4,3,2,4,1,3,5,3,4,2,4,3,5,3,5,4,2,3,4,5,3,4,4,5,4,2,4,4,3,3,3,3,4,3,3,1,4,1,1,1,1,1,1,3,1,3,2,4,5,1,2,4,3,3,3,3,4,4,3,5,5,4,4,3,4,4,4,2,3,4,5,5,5,4,1,2,3,1,2,2,3,2,2,0.5 months,13,2,2,4,5,1,4,3,3,2,2,2,3,4,4,5,4,4,4,2,5,4,3,4,5,5,3,4,2,3,1,2,2,1,1,4,4,2,3,5,5,2,1,5,5,1,5,5,4,1,4,5,2,1,4,3,5,5,1,5,5,1,5,3,4,3,2,1,2,5,4,1,1,1,1,1,1,1,1,1,5,4,3,3,1,1,2,1,1,1,2,4,1,4,1,3,1,,5,2,5,5,
10/6/22 18:10,10/9/22 15:27,0,73.180.32.57,100,249420,1,10/9/22 15:27,R_T6eS6BYaGXOkw1z,,,,,44.0599,-123.0205,anonymous,EN,,F_DLRx51ZWCCHzo7n,signature.png,20956,image/png,d35_01,19,3,3,5,4,5,5,4,4,5,2,4,4,3,2,4,4,2,2,5,3,1,2,2,1,4,4,2,2,4,5,4,4,5,1,5,4,3,2,5,5,1,5,5,4,1,4,4,5,2,4,2,5,4,4,4,4,3,4,3,5,1,2,1,5,4,2,1,4,2,2,4,3,5,4,2,5,4,1,5,5,3,5,4,2,5,3,2,3,4,3,5,5,3,2,4,3,3,3,3,3,2,2,4,3,4,3,2,1,3,1,2,2,3,5,4,5,4,2,2,4,2,1,1,3,3,2,4,3,1,3,3,4,4,3,4,1,3,3,5,3,1,2,4,3,2,4,1,4,5,0 years 9 months ,13,2,1,4,5,4,5,5,2,4,3,5,1,4,2,4,2,5,4,2,2,2,1,1,2,4,2,4,3,4,5,4,1,2,4,5,5,5,4,5,5,4,2,4,5,4,4,3,4,5,3,4,2,4,2,1,3,2,4,2,4,3,3,5,2,4,4,4,3,2,1,5,4,2,1,1,2,1,2,2,3,4,2,3,2,2,2,2,2,1,3,4,3,3,4,4,4,4,4,4,5,5,
10/3/22 11:10,10/3/22 11:28,0,128.223.223.217,2,1043,0,10/10/22 11:28,R_1FyQCQ3CtmFfN6B,,,,,,,anonymous,EN,,,,,,,,,,,,,,,,,,,,,,,,,,,,,,,,,,,,,,,,,,,,,,,,,,,,,,,,,,,,,,,,,,,,,,,,,,,,,,,,,,,,,,,,,,,,,,,,,,,,,,,,,,,,,,,,,,,,,,,,,,,,,,,,,,,,,,,,,,,,,,,,,,,,,,,,,,,,,,,,,,,,,,,,,,,,,,,,,,,,,,,,,,,,,,,,,,,,,,,,,,,,,,,,,,,,,,,,,,,,,,,,,,,,,,,,,,,,,,,,,,,,,,,,,,,,,,,,,,,,
10/4/22 10:33,10/4/22 10:40,0,128.223.223.254,100,413,0,10/11/22 10:40,R_1M0PriyarPYkJmi,,,,,,,anonymous,EN,,F_pxzFkIrOcXJ2PKN,signature.png,13848,image/png,d29_02,21,,,,,,,,,,,,,,,,,,,,,,,,,,,,,,,,,,,,,,,,,,,,,,,,,,,,,,,,,,,,,,,,,,,,,,,,,,,,,,,,,,,,,,,,,,,,,,,,,,,,,,,,,,,,,,,,,,,,,,,,,,,,,,,,,,,,,,,,,,,,,,,,,,,,,,9 years,,,,,,,,,,,,,,,,,,,,,,,,,,,,,,,,,,,,,,,,,,,,,,,,,,,,,,,,,,,,,,,,,,,,,,,,,,,,,,,,,,,,,,,,,,,,,,,,,,,,,,,
10/6/22 13:45,10/6/22 13:45,0,128.223.223.231,1,14,0,10/13/22 13:46,R_eLg4ln7WhoZuHvP,,,,,,,anonymous,EN,,,,,,,,,,,,,,,,,,,,,,,,,,,,,,,,,,,,,,,,,,,,,,,,,,,,,,,,,,,,,,,,,,,,,,,,,,,,,,,,,,,,,,,,,,,,,,,,,,,,,,,,,,,,,,,,,,,,,,,,,,,,,,,,,,,,,,,,,,,,,,,,,,,,,,,,,,,,,,,,,,,,,,,,,,,,,,,,,,,,,,,,,,,,,,,,,,,,,,,,,,,,,,,,,,,,,,,,,,,,,,,,,,,,,,,,,,,,,,,,,,,,,,,,,,,,,,,,,,,,
10/20/22 14:15,10/20/22 15:29,0,128.223.223.42,100,4469,1,10/20/22 15:29,R_1jADHnwGFpcUKAQ,,,,,44.0358,-123.0576,anonymous,EN,,F_02EaOIukGuP3WnL,signature.png,12058,image/png,d39_02,19,3,3,6,1,4,5,2,5,5,3,4,5,4,4,3,3,5,3,4,2,1,4,1,2,3,5,3,2,4,5,2,1,4,1,5,5,4,2,2,4,1,5,4,5,1,2,5,5,5,4,1,5,4,4,3,5,4,5,3,3,3,3,3,4,3,2,5,2,4,4,5,4,5,4,4,5,4,3,2,2,4,4,4,4,5,2,4,3,4,4,4,4,4,3,5,5,4,2,2,3,5,3,4,3,4,4,2,1,4,2,1,3,7,5,7,5,4,3,3,4,4,3,2,2,4,2,4,4,4,4,4,3,4,4,2,3,4,4,5,3,2,3,3,5,1,4,1,4,4,1 year,13,2,2,4,5,1,4,3,4,2,1,4,2,3,3,5,4,4,4,1,4,4,1,3,5,5,4,4,3,2,1,1,1,4,2,5,5,4,1,5,5,2,2,5,5,4,4,3,4,5,4,5,5,4,2,3,3,5,4,4,5,1,5,3,1,5,4,5,5,2,3,5,3,1,1,1,1,1,2,1,5,5,5,5,4,5,3,4,4,3,2,5,4,5,4,5,5,5,5,5,5,5,
10/21/22 11:18,10/21/22 12:10,0,128.223.223.212,100,3096,1,10/21/22 12:10,R_zZ7XWAhJf5hOHrH,,,,,44.0358,-123.0576,anonymous,EN,,F_2TRBcvuvgQUstuO,signature.png,12098,image/png,d39_01,19,3,3,6,1,5,4,2,4,5,2,2,4,1,1,4,2,5,4,2,1,4,4,2,4,4,5,4,2,4,2,2,4,4,2,5,5,4,1,1,5,1,5,4,5,1,4,5,5,5,5,1,5,5,5,5,3,3,3,3,4,4,3,2,3,2,3,4,3,5,2,3,3,5,2,2,3,3,2,4,2,3,4,5,2,4,3,4,3,3,3,3,1,5,4,4,4,5,4,4,4,4,1,4,2,1,1,2,1,1,1,1,1,5,7,6,6,4,4,2,5,2,1,1,1,2,1,2,2,1,2,1,1,3,1,1,1,2,1,2,1,1,1,2,2,2,1,1,1,3,1 year 3 months ,13,2,2,4,5,4,5,5,2,2,5,5,1,2,3,5,1,2,1,4,2,1,1,4,5,2,1,4,4,2,1,5,1,2,2,5,5,4,2,5,5,1,2,5,5,4,5,2,4,3,2,5,5,1,3,2,4,5,1,5,5,1,5,1,2,4,5,2,3,4,4,5,2,1,1,1,1,1,1,1,4,5,2,4,1,1,2,1,2,4,1,5,2,5,4,3,4,5,5,3,5,5,
10/21/22 12:16,10/21/22 13:14,0,71.237.218.151,100,3501,1,10/21/22 13:14,R_1HdycfA8Jnu9GP3,,,,,44.0197,-123.1008,anonymous,EN,,F_3qPtRkYWKeoELAm,signature.png,14116,image/png,d37_02,27,2,2,5,4,1,4,3,4,4,5,2,3,4,2,4,4,5,4,2,4,1,4,4,4,2,5,4,2,3,2,2,4,2,4,4,4,2,5,3,4,3,4,3,4,3,2,3,4,3,4,2,4,3,4,3,4,4,3,1,3,3,4,3,3,2,1,3,1,2,2,2,3,3,3,4,1,2,4,2,2,4,3,1,2,2,2,4,4,2,3,2,2,3,3,4,3,3,4,3,4,3,1,2,2,1,1,2,1,1,1,1,2,5,3,6,2,2,2,2,4,3,3,1,2,2,2,3,4,3,3,4,3,4,3,4,4,3,2,3,3,1,2,1,1,2,1,2,3,3,4 years 11 months,8,2,2,2,4,5,4,5,3,2,4,2,1,3,3,5,3,4,3,1,4,3,1,2,5,4,5,5,3,4,2,3,1,5,5,5,5,5,1,5,4,2,4,3,5,5,5,5,5,5,5,2,2,4,4,4,2,3,3,2,2,4,4,5,1,5,1,4,4,3,5,3,2,5,5,5,5,4,5,5,5,5,4,5,4,4,4,5,5,5,3,5,4,5,3,3,4,4,4,2,5,5,
10/23/22 23:18,10/23/22 23:51,0,71.237.218.151,100,1984,0,10/24/22 11:19,R_2agmPTh9FztU7oh,,,,,,,anonymous,EN,,F_1JRrn7L0fikjURA,signature.png,16940,image/png,d37_01,24,3,3,5,4,2,5,5,5,5,2,4,5,4,1,1,2,3,1,2,3,4,2,2,1,2,4,2,4,5,5,5,2,5,2,3,5,4,4,3,2,3,4,4,4,4,1,4,2,4,4,4,4,2,2,2,5,3,2,5,4,2,3,3,4,4,4,1,5,2,5,5,5,4,5,3,5,3,4,2,5,2,4,2,4,4,4,4,2,4,1,2,5,5,2,4,4,4,3,2,2,4,1,4,2,1,4,1,3,3,4,4,1,1,5,5,6,4,3,2,4,4,1,1,1,4,1,3,2,1,4,4,5,4,1,5,3,4,2,4,3,1,1,1,1,1,2,1,4,5,4 years 11 months,8,2,2,1,5,4,3,2,4,2,2,5,2,4,3,4,3,2,5,1,2,2,4,3,5,5,2,2,2,2,4,2,3,4,4,4,5,4,1,5,5,1,4,5,5,5,5,5,5,5,4,2,2,4,2,2,4,2,2,4,4,4,2,5,2,5,1,4,4,4,2,4,4,5,5,5,5,4,4,5,2,5,2,4,3,3,4,5,4,4,2,5,5,5,4,4,4,5,4,3,5,5,
10/24/22 12:40,10/24/22 13:28,0,63.155.105.159,100,2871,1,10/24/22 13:28,R_8dgA25dKVneZf7X,,,,,44.0683,-123.0763,anonymous,EN,,F_1JWTw656i88gW65,signature.png,11346,image/png,d40_01,36,3,3,5,,4,5,4,4,5,2,1,4,1,4,4,4,5,5,3,4,1,2,4,4,4,5,5,5,2,2,2,4,2,2,5,5,2,1,1,4,3,5,4,4,4,5,3,4,5,4,4,4,5,5,4,2,3,4,2,3,4,3,1,2,3,2,5,5,3,3,2,3,4,3,2,1,1,2,3,3,1,2,3,3,3,4,3,4,2,2,2,3,3,4,4,4,4,3,4,4,4,1,1,1,1,1,1,1,1,1,1,7,7,7,7,7,5,4,2,5,5,1,1,1,1,1,1,1,1,1,1,1,1,1,1,1,1,1,1,1,1,1,1,1,1,1,1,1,1,"5 years 0 months. We were coworkers who have stayed in touch as casual friends. Not sure how you want to qualify us. I would also say we have medium closeness. Neither ""very close: or ""not close at all"" felt quite right. ",14,1,1,2,5,1,5,4,4,1,1,2,2,4,4,5,4,4,4,1,5,4,3,2,5,5,5,4,4,2,1,1,3,4,4,4,2,4,2,4,2,2,4,4,2,1,4,1,1,1,1,5,5,2,3,2,4,5,1,5,3,1,5,1,5,4,5,2,4,5,1,5,1,1,1,1,1,1,1,1,4,4,4,4,1,3,3,3,2,2,2,4,3,4,4,4,4,4,4,5,4,5,
10/24/22 20:40,10/24/22 21:31,0,66.178.173.16,100,3046,1,10/24/22 21:31,R_UgQDTS5jaHIAts5,,,,,42.3394,-122.8475,anonymous,EN,,F_0GrUSa1uqyM4AAp,signature.png,23031,image/png,d36_02,48,2,2,5,,3,5,4,2,5,5,3,5,1,1,3,4,4,3,5,4,2,3,3,1,3,4,3,5,5,1,2,3,4,1,5,3,3,1,3,4,2,4,3,4,3,4,4,4,4,3,2,3,4,3,3,3,2,1,2,2,3,3,1,3,2,1,3,2,4,2,1,2,1,1,2,2,2,1,1,2,2,3,2,3,1,1,4,1,2,1,2,2,4,3,4,4,4,3,4,3,4,1,1,1,1,1,1,1,1,1,1,4,4,4,5,5,4,3,1,5,4,1,1,1,2,1,1,2,1,2,2,3,3,1,1,1,2,3,3,2,1,1,1,1,1,1,1,1,1,11 years,8,2,2,5,4,1,5,5,1,2,2,4,3,2,2,5,3,3,2,2,4,3,2,4,5,5,3,5,2,4,1,3,2,5,5,5,5,5,2,5,5,2,3,5,5,5,5,3,5,2,5,1,1,3,2,5,1,1,3,4,2,4,5,4,2,4,3,3,3,3,3,3,3,5,5,5,5,5,1,4,3,4,3,5,3,3,4,5,4,4,5,5,5,5,4,3,4,5,5,1,5,5,
10/24/22 18:39,10/24/22 19:19,0,67.160.130.20,100,2361,0,10/25/22 10:19,R_1LFL1UkdjQn8PIW,,,,,,,anonymous,EN,,F_3MAy2NqwhrmlOyj,signature.png,10782,image/png,d40_02,31,3,3,5,4,2,3,1,5,3,4,2,3,4,1,3,2,3,3,4,2,2,5,2,2,2,4,4,5,5,2,4,1,4,3,5,4,2,2,2,4,2,4,4,5,3,4,4,4,4,4,2,4,4,4,3,4,2,2,2,4,4,2,3,4,4,2,2,1,2,4,2,3,3,2,3,2,4,2,3,2,4,4,2,1,3,2,4,4,4,3,2,2,4,4,4,4,4,3,4,4,4,2,2,3,2,4,4,2,4,4,4,2,4,4,5,4,3,3,4,4,4,4,4,4,4,3,2,4,3,4,3,3,3,2,2,4,2,4,4,3,2,3,3,2,4,4,2,4,5,4 years 0 months,13,2,1,1,5,3,4,4,3,2,3,2,2,5,4,5,4,4,5,1,3,4,3,3,5,5,5,4,1,1,4,2,2,4,3,5,1,5,2,5,5,2,3,4,1,1,5,2,4,5,4,5,4,4,2,2,2,5,1,5,2,4,2,4,2,4,2,3,3,4,3,4,4,2,1,1,3,3,5,4,5,4,5,4,2,4,4,4,4,4,3,4,2,3,4,4,4,4,4,2,4,4,
10/26/22 22:38,10/26/22 23:21,0,66.178.173.16,100,2553,1,10/26/22 23:21,R_2zvhsDVhXg2Ds9r,,,,,42.3394,-122.8475,anonymous,EN,,F_2aPT63tLovnJfDU,signature.png,13757,image/png,d36_01,37,3,3,5,4,5,5,1,4,5,4,2,1,4,1,3,2,5,5,3,2,1,5,4,1,1,5,5,5,5,1,3,1,1,1,5,5,2,1,1,4,4,5,5,4,3,3,5,4,5,4,1,4,5,5,5,5,4,4,4,3,3,3,1,3,4,1,3,1,3,5,4,4,3,3,3,5,3,1,4,2,3,3,3,1,3,1,4,4,5,4,2,3,5,4,4,3,5,5,3,3,5,1,2,2,1,2,1,1,1,1,1,4,2,6,5,5,4,3,3,4,4,1,1,2,2,1,1,3,1,1,1,1,2,1,2,2,3,2,3,1,1,2,1,1,1,3,1,1,4,13-14years,8,2,2,2,5,4,1,5,5,4,5,1,1,4,5,5,4,5,4,1,4,3,1,1,5,4,5,5,1,2,3,4,1,5,5,5,5,5,1,5,5,1,4,5,5,5,5,5,5,5,5,1,1,5,1,5,1,5,1,5,3,4,1,5,1,5,1,4,4,4,5,1,3,5,5,5,5,5,4,5,4,5,4,5,4,4,5,5,4,5,4,5,5,5,4,3,5,5,5,2,5,5,
11/10/22 14:27,11/10/22 14:46,0,128.223.223.173,100,1143,1,11/10/22 14:46,R_ABbzgVcX0lNzKAV,,,,,44.0358,-123.0576,anonymous,EN,,F_vcXD2fl13Tvdxxn,signature.png,12649,image/png,d41_01,20,2,,5,5,3,5,1,2,5,3,1,2,1,2,5,2,5,5,5,5,2,5,4,2,4,5,5,5,5,2,4,2,1,1,5,4,2,3,2,4,5,5,5,4,4,5,5,5,3,4,2,5,5,5,5,2,1,1,1,1,5,5,1,2,2,4,4,1,5,1,1,2,1,1,1,1,1,1,1,1,1,2,4,4,1,1,5,1,1,1,2,2,5,5,5,5,5,5,5,5,5,2,2,1,2,1,2,2,1,1,1,7,3,7,7,7,5,5,3,5,5,1,1,1,1,1,1,2,1,1,1,1,1,1,1,1,2,1,1,1,1,1,2,3,1,2,1,1,1,1 year,14,2,2,2,4,1,4,4,3,2,2,2,2,1,1,5,1,4,5,2,5,4,2,2,5,5,5,5,5,2,2,3,2,3,3,3,3,4,2,2,4,2,1,4,4,4,4,1,4,4,2,2,3,2,2,2,4,4,2,4,4,2,4,2,4,2,4,2,2,4,2,4,2,1,1,1,1,1,1,1,1,2,4,3,2,3,3,3,3,3,3,3,3,3,3,4,3,3,3,3,4,4,
11/10/22 14:47,11/15/22 14:32,0,128.223.223.44,100,431128,1,11/15/22 14:32,R_31bE01wlI11RSEB,,,,,44.0358,-123.0576,anonymous,EN,,F_W7fRcRX3o5LzKW5,signature.png,8933,image/png,d42_01,20,3,3,5,4,3,5,1,2,4,5,1,4,1,2,5,5,5,3,4,5,1,3,4,5,2,5,5,5,5,4,1,2,4,4,5,5,2,2,1,3,1,5,4,5,1,5,3,2,4,3,1,5,4,2,2,4,2,2,1,5,2,5,1,1,4,2,3,1,5,4,3,4,3,3,1,5,5,1,1,4,1,4,2,1,3,1,4,5,5,5,3,2,4,4,4,5,5,5,4,4,4,1,2,1,1,1,2,4,2,2,1,6,5,6,3,6,5,4,2,5,3,1,1,1,2,1,2,1,1,1,1,1,1,2,1,1,1,1,1,1,1,1,3,2,1,1,1,1,3,approximately 11 months,14,1,1,4,4,1,3,3,2,1,1,1,2,3,4,3,3,4,4,1,5,5,2,5,5,5,5,4,1,1,1,1,2,1,1,1,5,3,5,2,4,5,1,4,4,4,2,1,1,1,1,5,5,2,5,1,5,5,1,5,5,4,5,3,5,4,5,4,4,5,1,5,1,1,1,1,1,1,4,1,4,1,4,3,1,2,1,1,2,1,1,5,1,1,4,5,2,4,2,2,4,5,
11/15/22 17:38,11/15/22 18:26,0,128.223.223.45,100,2877,1,11/15/22 18:26,R_124RQFzAd3zCLWM,,,,,44.0358,-123.0576,anonymous,EN,,F_1rAmKcrrfeYNGIY,signature.png,12482,image/png,d43_02,21,3,3,5,4,5,5,5,5,5,1,1,5,5,1,2,3,4,2,4,2,1,2,2,1,5,5,1,2,4,5,3,3,4,2,2,4,5,4,2,4,1,5,4,4,2,1,4,3,5,4,1,3,3,4,3,5,5,5,4,5,2,3,3,5,5,2,3,5,3,4,5,4,5,5,5,5,5,3,5,5,5,5,5,3,5,5,3,5,4,4,5,5,4,3,4,4,4,3,2,3,3,1,3,2,2,2,3,2,1,4,4,2,2,4,5,4,3,3,4,4,3,3,2,3,3,2,4,4,4,4,5,3,5,2,4,3,4,4,5,2,1,1,2,3,2,2,1,5,4,2 years 1 month,13,2,2,4,3,1,5,4,3,2,3,4,1,2,3,3,4,5,3,3,5,4,3,3,5,5,3,5,1,3,4,2,2,3,3,5,4,4,4,5,5,3,3,5,4,2,4,3,3,4,3,4,4,4,2,3,4,5,3,4,4,1,5,3,2,3,5,3,4,4,1,5,1,1,1,1,1,3,2,1,4,3,4,2,2,2,2,2,2,2,2,3,2,4,4,4,3,4,4,3,4,4,
11/10/22 14:47,11/17/22 1:47,0,98.232.227.242,100,557958,1,11/17/22 1:47,R_1IXTSadvgjH1Hpk,,,,,44.0197,-123.1008,anonymous,EN,,F_VJDZQT32MHEUWpH,signature.png,16553,image/png,d42_02,20,3,3,5,5,4,5,1,4,5,4,1,2,1,1,3,5,5,5,5,4,1,5,4,1,4,5,5,5,5,1,1,1,1,1,5,5,3,1,4,5,1,5,4,5,1,5,5,5,5,5,1,1,5,5,4,4,2,3,1,5,4,4,1,3,5,3,5,1,5,3,2,3,3,3,2,4,4,1,2,4,3,3,5,4,3,3,5,3,4,3,1,4,4,4,5,5,4,5,4,4,4,1,2,1,1,2,1,2,4,2,1,6,6,7,7,7,5,5,1,5,4,1,1,1,1,1,2,3,1,1,2,1,1,1,2,1,1,1,3,1,1,1,1,2,1,1,1,1,2,1 year,13,2,1,2,5,1,3,3,4,1,1,3,1,5,4,5,4,5,5,1,5,5,3,3,5,5,5,5,1,1,1,1,1,1,1,4,5,5,2,5,3,1,1,1,5,5,,1,3,1,3,5,5,1,5,4,4,5,1,5,5,1,5,3,5,3,5,3,3,1,1,5,1,1,1,1,1,1,1,1,5,3,5,3,1,1,1,3,3,1,1,3,3,4,3,4,4,3,3,3,5,5,
11/15/22 17:33,11/15/22 18:04,0,71.59.188.36,100,1851,0,11/22/22 18:04,R_302DoDpcA9vyJuN,,,,,,,anonymous,EN,,F_2BzCWu8fFZ1tgBF,signature.png,9694,image/png,d43_01,20,2,3,5,4,4,4,2,5,4,3,4,5,2,2,2,4,2,1,2,4,3,4,3,2,3,4,3,3,4,2,4,2,3,2,2,4,5,4,5,3,4,4,2,2,4,1,2,2,2,2,3,2,2,3,2,5,3,4,5,3,2,2,2,4,1,3,,3,2,2,5,4,4,3,3,3,4,3,2,3,3,3,4,4,2,2,2,4,2,4,4,4,3,2,3,3,3,,3,3,3,2,2,2,1,1,3,2,3,1,2,4,1,4,3,3,3,4,3,3,2,3,3,3,4,2,3,3,4,4,4,3,4,2,2,3,3,4,4,4,3,3,2,2,1,2,2,4,4,2 years 1 months,13,2,1,4,5,5,5,4,1,2,5,5,2,1,2,1,1,2,2,2,1,1,2,5,4,1,1,4,5,4,5,5,2,3,4,5,4,4,4,4,4,4,4,4,4,4,4,1,2,4,1,5,5,2,2,1,3,4,4,2,5,1,5,2,4,2,5,2,2,4,2,4,2,2,1,1,1,1,2,2,2,2,2,3,2,1,3,2,1,3,1,3,2,4,4,4,4,4,4,4,4,3,
11/25/22 20:49,11/25/22 21:44,0,98.153.3.20,100,3310,1,11/25/22 21:44,R_10CPTFUdTgYF4Md,,,,,34.1211,-117.4362,anonymous,EN,,F_3PdSPKhWNcnKU27,signature.png,10967,image/png,d44_01,18,3,3,5,4,2,5,3,5,4,5,2,4,5,2,5,5,5,1,3,5,4,4,3,2,1,5,5,3,5,4,4,1,5,3,4,5,1,4,2,5,1,5,5,5,2,5,5,5,5,4,1,5,5,4,3,5,3,3,3,5,3,4,3,5,4,4,3,3,5,2,4,1,4,5,4,5,5,2,2,5,4,4,4,3,4,5,4,4,5,3,5,4,4,4,3,4,4,4,3,4,4,2,5,5,5,4,2,2,1,5,1,4,3,5,6,4,4,4,1,4,3,4,1,2,5,3,3,5,2,4,3,5,4,3,5,3,2,1,4,3,1,1,4,3,1,3,2,3,5,5 monthsish,14,1,1,5,3,1,4,2,4,5,1,4,3,5,3,4,3,3,5,4,5,3,3,2,5,5,2,4,3,4,3,4,3,1,1,2,1,3,5,4,4,4,1,3,1,1,4,1,2,4,3,1,5,4,2,1,5,5,1,5,5,1,5,1,4,4,5,1,5,5,5,4,1,1,1,1,1,1,1,1,4,1,3,2,1,3,2,3,2,3,1,5,2,2,3,2,2,2,2,2,3,4,
11/24/22 11:21,11/27/22 0:44,0,73.157.190.243,100,220963,1,11/27/22 0:44,R_1Lu0o0DrdmM1jXx,,,,,45.4407,-122.7792,anonymous,EN,,F_3MastobvEoqJm5m,signature.png,7665,image/png,d44_02,21,3,3,6,4,1,4,1,5,3,4,4,2,5,2,4,2,5,2,4,5,2,5,1,4,2,4,5,3,5,4,4,2,4,2,4,2,2,2,2,4,2,4,4,4,2,2,4,5,4,4,1,4,4,4,4,4,1,1,2,5,4,2,1,2,4,3,2,1,4,2,3,1,3,2,3,1,2,1,4,3,2,4,2,1,4,2,4,2,4,1,4,3,5,4,4,4,5,3,4,4,3,1,1,2,1,1,2,1,1,1,1,2,3,5,5,5,4,3,2,4,4,2,1,2,3,3,4,3,1,1,1,3,2,1,3,3,2,1,4,3,1,1,3,3,3,2,2,2,3,4 months,14,1,1,2,5,2,4,3,3,2,2,2,2,5,3,4,2,3,4,1,4,4,3,3,3,4,5,4,2,2,2,2,1,1,1,3,4,4,4,4,4,2,1,4,2,2,4,1,1,1,1,2,5,2,4,2,4,5,1,5,5,1,5,1,2,2,5,1,2,5,4,2,2,1,1,1,1,1,1,1,4,2,2,3,2,1,2,2,2,1,1,1,1,4,4,4,2,4,2,2,4,4,
1/19/23 15:09,1/19/23 15:40,0,207.225.82.194,100,1835,1,1/19/23 15:40,R_1PcHwxsxam6ZtRc,,,,,45.5073,-122.6929,anonymous,EN,,F_22xhLoWw1Q8nREr,signature.png,9262,image/png,d45_02,25,3,3,5,4,4,4,1,5,1,4,1,2,4,4,2,3,5,5,4,4,3,3,3,4,3,5,5,5,5,1,5,1,1,2,5,5,1,1,1,5,1,5,5,5,1,1,5,5,5,5,1,5,5,5,5,3,1,1,1,1,4,1,2,1,4,3,1,,5,2,2,2,3,1,2,5,3,1,5,1,2,2,3,2,3,5,4,3,2,1,5,4,4,5,4,4,4,4,4,4,5,1,1,1,1,1,1,1,1,1,1,6,7,6,4,5,4,4,1,5,4,1,1,1,2,1,1,2,2,1,1,2,1,1,1,2,1,2,3,2,1,1,1,1,1,1,1,1,2,7 months,14,2,2,1,4,4,5,4,4,2,4,5,1,4,2,5,2,5,5,2,1,3,2,1,2,3,3,5,3,4,4,4,1,1,1,4,4,4,2,4,4,2,1,4,4,2,4,1,1,1,1,5,5,1,3,1,5,5,1,3,5,1,5,1,5,1,5,3,1,5,1,5,1,1,1,1,1,1,1,1,3,2,2,2,1,1,2,1,1,2,1,1,1,2,2,2,4,4,4,2,4,2,
1/21/23 21:41,1/21/23 22:28,0,73.67.240.139,100,2844,0,1/23/23 11:04,R_2rosaCVJzY9ym6i,,,,,,,anonymous,EN,,F_tFiEb1dPD5cBvIB,signature.png,24476,image/png,d45_01,27,2,2,5,4,1,5,4,3,4,5,4,5,3,1,4,5,4,2,5,4,4,1,2,4,2,4,4,4,5,2,2,3,2,2,2,4,4,3,5,5,4,4,5,4,4,5,3,4,4,1,4,4,5,4,4,1,3,4,4,4,3,3,1,1,5,1,1,2,4,5,5,2,3,3,2,1,1,2,3,3,3,3,2,1,4,2,5,3,3,1,2,4,5,3,5,5,5,5,5,5,5,1,2,1,1,1,1,1,1,1,1,2,7,4,6,6,4,2,1,4,2,1,3,2,3,2,3,3,2,2,1,4,3,2,4,3,4,3,2,3,3,1,1,3,3,2,2,2,3,78 months,14,1,1,2,4,2,4,2,3,1,1,2,1,3,3,5,3,2,4,1,4,2,4,2,5,5,4,3,3,2,1,4,3,1,1,4,4,4,3,4,4,2,1,3,3,1,2,1,3,4,1,5,4,1,1,1,5,5,1,5,5,1,5,1,4,2,5,4,4,5,4,5,1,1,1,1,1,1,1,1,1,3,4,3,1,1,1,1,1,1,1,2,1,3,3,3,2,2,2,2,5,5,